item_id,timestamp,target,ACT01,ACT03,ACT04,ACT07,ACT09,ACT13,ACT15,ACT17,ACT32,ACT34,ACT44
FR13,2019-12-30,7663.0,1267.0,299.0,0.0,2108.0,189.0,84.0,0.0,0.0,3716.0,0.0,0.0
FR13,2020-01-06,2917.0,1052.0,490.0,2.0,103.0,255.0,191.0,3.0,0.0,821.0,0.0,0.0
FR13,2020-01-13,2341.0,846.0,115.0,0.0,280.0,69.0,66.0,416.0,407.0,142.0,0.0,0.0
FR13,2020-01-20,3853.0,1350.0,932.0,44.0,568.0,297.0,278.0,81.0,80.0,223.0,0.0,0.0
FR13,2020-01-27,82251.0,1871.0,863.0,0.0,609.0,363.0,219.0,2.0,0.0,19393.0,0.0,58931.0
FR13,2020-02-03,33627.0,2470.0,303.0,0.0,1958.0,79.0,47.0,12588.0,12536.0,3646.0,0.0,0.0
FR13,2020-02-10,3257.0,1002.0,957.0,0.0,233.0,375.0,304.0,3.0,0.0,383.0,0.0,0.0
FR13,2020-02-17,1065.0,302.0,93.0,0.0,315.0,72.0,158.0,0.0,0.0,125.0,0.0,0.0
FR13,2020-02-24,21791.0,1694.0,463.0,2.0,678.0,223.0,183.0,13.0,9.0,18526.0,0.0,0.0
FR13,2020-03-02,32900.0,2799.0,675.0,4.0,2011.0,190.0,69.0,12189.0,12131.0,2832.0,0.0,0.0
FR13,2020-03-09,2386.0,1124.0,509.0,0.0,162.0,135.0,200.0,73.0,69.0,114.0,0.0,0.0
FR13,2020-03-16,2599.0,707.0,749.0,0.0,404.0,327.0,239.0,2.0,0.0,171.0,0.0,0.0
FR13,2020-03-23,27125.0,1534.0,495.0,2.0,321.0,132.0,91.0,12184.0,12184.0,182.0,0.0,0.0
FR13,2020-03-30,28838.0,1616.0,476.0,0.0,2067.0,169.0,177.0,0.0,0.0,24333.0,0.0,0.0
FR13,2020-04-06,2607.0,502.0,867.0,2.0,427.0,214.0,58.0,8.0,4.0,525.0,0.0,0.0
FR13,2020-04-13,2593.0,814.0,425.0,0.0,496.0,217.0,348.0,3.0,2.0,288.0,0.0,0.0
FR13,2020-04-20,2508.0,934.0,558.0,0.0,379.0,201.0,241.0,3.0,2.0,190.0,0.0,0.0
FR13,2020-04-27,42128.0,1833.0,42.0,0.0,177.0,13.0,46.0,11832.0,11821.0,16364.0,0.0,0.0
FR13,2020-05-04,6726.0,953.0,805.0,2.0,1487.0,185.0,129.0,1.0,0.0,3164.0,0.0,0.0
FR13,2020-05-11,1341.0,554.0,160.0,0.0,217.0,95.0,188.0,0.0,0.0,127.0,0.0,0.0
FR13,2020-05-18,2994.0,1018.0,1030.0,2.0,327.0,191.0,236.0,3.0,0.0,187.0,0.0,0.0
FR13,2020-05-25,30394.0,1757.0,37.0,0.0,266.0,89.0,132.0,11832.0,11817.0,4464.0,0.0,0.0
FR13,2020-06-01,28781.0,753.0,626.0,4.0,1452.0,229.0,107.0,2.0,0.0,25608.0,0.0,0.0
FR13,2020-06-08,1789.0,566.0,202.0,2.0,570.0,133.0,178.0,4.0,0.0,134.0,0.0,0.0
FR13,2020-06-15,1554.0,644.0,311.0,2.0,174.0,215.0,112.0,0.0,0.0,96.0,0.0,0.0
FR13,2020-06-22,3651.0,1971.0,569.0,0.0,539.0,166.0,154.0,2.0,0.0,250.0,0.0,0.0
FR13,2020-06-29,49704.0,1326.0,1008.0,2.0,1783.0,214.0,114.0,11453.0,11453.0,22351.0,0.0,0.0
FR13,2020-07-06,2267.0,906.0,477.0,0.0,199.0,117.0,69.0,0.0,0.0,499.0,0.0,0.0
FR13,2020-07-13,1552.0,648.0,74.0,6.0,310.0,92.0,257.0,0.0,0.0,165.0,0.0,0.0
FR13,2020-07-20,2440.0,885.0,672.0,2.0,366.0,166.0,144.0,0.0,0.0,205.0,0.0,0.0
FR13,2020-07-27,46881.0,2397.0,424.0,0.0,505.0,106.0,95.0,11403.0,11403.0,20548.0,0.0,0.0
FR13,2020-08-03,7334.0,1173.0,953.0,4.0,1916.0,430.0,253.0,1.0,0.0,2604.0,0.0,0.0
FR13,2020-08-10,339.0,227.0,0.0,0.0,92.0,0.0,0.0,0.0,0.0,20.0,0.0,0.0
FR13,2020-08-17,789.0,431.0,0.0,0.0,226.0,36.0,66.0,0.0,0.0,30.0,0.0,0.0
FR13,2020-08-24,2099.0,1392.0,0.0,2.0,395.0,187.0,62.0,0.0,0.0,61.0,0.0,0.0
FR13,2020-08-31,50487.0,1595.0,1724.0,2.0,1974.0,338.0,348.0,11395.0,11394.0,21717.0,0.0,0.0
FR13,2020-09-07,1813.0,864.0,506.0,0.0,216.0,141.0,40.0,4.0,0.0,42.0,0.0,0.0
FR13,2020-09-14,2179.0,1228.0,79.0,2.0,164.0,156.0,321.0,2.0,0.0,227.0,0.0,0.0
FR13,2020-09-21,3258.0,998.0,559.0,0.0,969.0,190.0,110.0,0.0,0.0,432.0,0.0,0.0
FR13,2020-09-28,48590.0,2547.0,462.0,0.0,1381.0,211.0,208.0,11395.0,11395.0,20991.0,0.0,0.0
FR13,2020-10-05,3499.0,971.0,540.0,0.0,694.0,229.0,202.0,2.0,1.0,860.0,0.0,0.0
FR13,2020-10-12,1569.0,394.0,365.0,0.0,361.0,132.0,189.0,0.0,0.0,128.0,0.0,0.0
FR13,2020-10-19,25755.0,1466.0,461.0,0.0,257.0,215.0,159.0,11159.0,11159.0,879.0,0.0,0.0
FR13,2020-10-26,23811.0,1244.0,13.0,0.0,431.0,22.0,67.0,0.0,0.0,22034.0,0.0,0.0
FR13,2020-11-02,6672.0,1407.0,907.0,2.0,2117.0,318.0,221.0,0.0,0.0,1700.0,0.0,0.0
FR13,2020-11-09,1694.0,921.0,221.0,0.0,194.0,185.0,99.0,5.0,0.0,69.0,0.0,0.0
FR13,2020-11-16,1986.0,785.0,581.0,0.0,74.0,148.0,108.0,99.0,90.0,101.0,0.0,0.0
FR13,2020-11-23,24812.0,1231.0,731.0,2.0,146.0,258.0,207.0,11037.0,10957.0,243.0,0.0,0.0
FR13,2020-11-30,35122.0,1792.0,439.0,0.0,2878.0,74.0,143.0,0.0,0.0,29796.0,0.0,0.0
FR13,2020-12-07,2949.0,904.0,406.0,4.0,594.0,349.0,173.0,73.0,68.0,378.0,0.0,0.0
FR13,2020-12-14,3618.0,1177.0,575.0,0.0,735.0,67.0,186.0,134.0,0.0,744.0,0.0,0.0
FR13,2020-12-21,3366.0,1810.0,739.0,2.0,214.0,405.0,123.0,0.0,0.0,73.0,0.0,0.0
FR13,2020-12-28,946.0,231.0,12.0,2.0,217.0,180.0,128.0,0.0,0.0,176.0,0.0,0.0
FR13,2021-01-04,52303.0,1207.0,288.0,0.0,2106.0,358.0,94.0,11047.0,11047.0,26156.0,0.0,0.0
FR13,2021-01-11,2114.0,951.0,438.0,0.0,74.0,169.0,190.0,46.0,42.0,204.0,0.0,0.0
FR13,2021-01-18,2586.0,1052.0,549.0,2.0,216.0,302.0,185.0,61.0,51.0,168.0,0.0,0.0
FR13,2021-01-25,25469.0,2743.0,531.0,2.0,495.0,209.0,99.0,0.0,0.0,21390.0,0.0,0.0
FR13,2021-02-01,94926.0,1052.0,559.0,0.0,2632.0,234.0,161.0,11145.0,11139.0,4072.0,0.0,63932.0
FR13,2021-02-08,1226.0,460.0,216.0,0.0,62.0,97.0,170.0,17.0,15.0,189.0,0.0,0.0
FR13,2021-02-15,2981.0,1419.0,583.0,0.0,287.0,272.0,187.0,0.0,0.0,233.0,0.0,0.0
FR13,2021-02-22,2079.0,1199.0,38.0,0.0,392.0,57.0,132.0,0.0,0.0,261.0,0.0,0.0
FR13,2021-03-01,50931.0,909.0,645.0,4.0,1947.0,304.0,137.0,10973.0,10973.0,25039.0,0.0,0.0
FR13,2021-03-08,2147.0,692.0,499.0,2.0,134.0,247.0,182.0,0.0,0.0,391.0,0.0,0.0
FR13,2021-03-15,1286.0,588.0,195.0,0.0,182.0,152.0,90.0,0.0,0.0,79.0,0.0,0.0
FR13,2021-03-22,2376.0,847.0,580.0,2.0,223.0,190.0,235.0,0.0,0.0,299.0,0.0,0.0
FR13,2021-03-29,30851.0,2480.0,596.0,0.0,2181.0,139.0,166.0,18.0,8.0,25263.0,0.0,0.0
FR13,2021-04-05,24031.0,569.0,352.0,0.0,399.0,330.0,88.0,10780.0,10777.0,736.0,0.0,0.0
FR13,2021-04-12,1963.0,878.0,189.0,0.0,407.0,262.0,88.0,1.0,0.0,138.0,0.0,0.0
FR13,2021-04-19,2814.0,877.0,598.0,0.0,650.0,207.0,251.0,0.0,0.0,231.0,0.0,0.0
FR13,2021-04-26,46797.0,2209.0,25.0,0.0,321.0,184.0,131.0,10771.0,10763.0,22393.0,0.0,0.0
FR13,2021-05-03,10262.0,1013.0,924.0,2.0,2283.0,232.0,88.0,0.0,0.0,5720.0,0.0,0.0
FR13,2021-05-10,1328.0,256.0,221.0,0.0,288.0,112.0,210.0,50.0,46.0,145.0,0.0,0.0
FR13,2021-05-17,1329.0,627.0,151.0,0.0,106.0,188.0,54.0,65.0,61.0,77.0,0.0,0.0
FR13,2021-05-24,44287.0,2047.0,432.0,0.0,413.0,180.0,119.0,10599.0,10569.0,19928.0,0.0,0.0
FR13,2021-05-31,8594.0,1265.0,551.0,2.0,2408.0,375.0,244.0,10.0,10.0,3729.0,0.0,0.0
FR13,2021-06-07,1872.0,690.0,297.0,0.0,276.0,85.0,172.0,0.0,0.0,352.0,0.0,0.0
FR13,2021-06-14,2564.0,981.0,405.0,0.0,422.0,210.0,176.0,41.0,38.0,291.0,0.0,0.0
FR13,2021-06-21,2729.0,918.0,924.0,0.0,531.0,175.0,98.0,1.0,0.0,82.0,0.0,0.0
FR13,2021-06-28,50040.0,2765.0,849.0,0.0,2321.0,264.0,201.0,10341.0,10341.0,22958.0,0.0,0.0
FR13,2021-07-05,3464.0,665.0,546.0,2.0,792.0,326.0,33.0,8.0,7.0,1085.0,0.0,0.0
FR13,2021-07-12,909.0,266.0,54.0,6.0,81.0,177.0,207.0,0.0,0.0,118.0,0.0,0.0
FR13,2021-07-19,1810.0,722.0,489.0,0.0,179.0,69.0,162.0,0.0,0.0,189.0,0.0,0.0
FR13,2021-07-26,45436.0,2447.0,940.0,2.0,375.0,307.0,212.0,10133.0,10133.0,20887.0,0.0,0.0
FR13,2021-08-02,8556.0,1325.0,725.0,0.0,2658.0,384.0,131.0,17.0,9.0,3307.0,0.0,0.0
FR13,2021-08-09,215.0,131.0,0.0,0.0,84.0,0.0,0.0,0.0,0.0,0.0,0.0,0.0
FR13,2021-08-16,516.0,275.0,0.0,2.0,12.0,150.0,47.0,0.0,0.0,30.0,0.0,0.0
FR13,2021-08-23,929.0,594.0,0.0,0.0,277.0,27.0,23.0,0.0,0.0,8.0,0.0,0.0
FR13,2021-08-30,31118.0,2414.0,1299.0,4.0,2474.0,425.0,410.0,16.0,0.0,24076.0,0.0,0.0
FR13,2021-09-06,21907.0,517.0,198.0,0.0,40.0,81.0,44.0,10238.0,10236.0,553.0,0.0,0.0
FR13,2021-09-13,2135.0,695.0,293.0,0.0,62.0,94.0,114.0,764.0,0.0,113.0,0.0,0.0
FR13,2021-09-20,2867.0,1243.0,540.0,2.0,454.0,319.0,172.0,1.0,0.0,136.0,0.0,0.0
FR13,2021-09-27,28630.0,1775.0,489.0,2.0,1393.0,218.0,291.0,0.0,0.0,24462.0,0.0,0.0
FR13,2021-10-04,26246.0,1600.0,472.0,0.0,2333.0,233.0,126.0,10160.0,10160.0,1162.0,0.0,0.0
FR13,2021-10-11,1671.0,676.0,293.0,0.0,108.0,216.0,208.0,27.0,22.0,121.0,0.0,0.0
FR13,2021-10-18,2843.0,893.0,634.0,2.0,720.0,252.0,140.0,35.0,11.0,156.0,0.0,0.0
FR13,2021-10-25,3142.0,2139.0,674.0,0.0,195.0,121.0,1.0,0.0,0.0,12.0,0.0,0.0
FR13,2021-11-01,50334.0,1214.0,202.0,2.0,2443.0,385.0,254.0,9911.0,9908.0,26015.0,0.0,0.0
FR13,2021-11-08,1141.0,437.0,24.0,4.0,193.0,137.0,138.0,66.0,55.0,87.0,0.0,0.0
FR13,2021-11-15,4690.0,918.0,248.0,2.0,591.0,245.0,135.0,1221.0,1220.0,110.0,0.0,0.0
FR13,2021-11-22,2644.0,1524.0,115.0,0.0,447.0,88.0,157.0,0.0,0.0,313.0,0.0,0.0
FR13,2021-11-29,54611.0,2770.0,180.0,0.0,2231.0,138.0,168.0,11457.0,10540.0,27127.0,0.0,0.0
FR13,2021-12-06,3128.0,1166.0,175.0,0.0,559.0,160.0,166.0,6.0,0.0,896.0,0.0,0.0
FR13,2021-12-13,1837.0,1004.0,113.0,0.0,250.0,106.0,170.0,1.0,0.0,193.0,0.0,0.0
FR13,2021-12-20,21550.0,1372.0,169.0,0.0,489.0,163.0,209.0,9387.0,9386.0,375.0,0.0,0.0
FR13,2021-12-27,24214.0,930.0,9.0,0.0,403.0,40.0,128.0,0.0,0.0,22704.0,0.0,0.0
FR13,2022-01-03,13095.0,1600.0,137.0,0.0,2305.0,113.0,69.0,0.0,0.0,8871.0,0.0,0.0
FR13,2022-01-10,1621.0,983.0,122.0,0.0,178.0,81.0,162.0,0.0,0.0,95.0,0.0,0.0
FR13,2022-01-17,1642.0,715.0,100.0,0.0,403.0,118.0,190.0,0.0,0.0,116.0,0.0,0.0
FR13,2022-01-24,98272.0,2167.0,87.0,0.0,375.0,112.0,124.0,2.0,1.0,225.0,0.0,95179.0
FR13,2022-01-31,43654.0,1206.0,236.0,0.0,2349.0,94.0,149.0,6317.0,6317.0,26986.0,0.0,0.0
FR13,2022-02-07,1435.0,765.0,77.0,0.0,64.0,67.0,185.0,2.0,0.0,275.0,0.0,0.0
FR13,2022-02-14,1802.0,785.0,106.0,0.0,315.0,154.0,269.0,0.0,0.0,173.0,0.0,0.0
FR13,2022-02-21,15118.0,1811.0,154.0,0.0,339.0,166.0,27.0,6255.0,6255.0,111.0,0.0,0.0
FR13,2022-02-28,26228.0,1183.0,187.0,0.0,2505.0,47.0,244.0,0.0,0.0,22062.0,0.0,0.0
FR13,2022-03-07,1056.0,470.0,55.0,0.0,168.0,44.0,164.0,0.0,0.0,155.0,0.0,0.0
FR13,2022-03-14,1674.0,664.0,161.0,0.0,325.0,146.0,149.0,0.0,0.0,229.0,0.0,0.0
FR13,2022-03-21,2571.0,1601.0,100.0,0.0,428.0,116.0,137.0,1.0,0.0,188.0,0.0,0.0
FR13,2022-03-28,38687.0,1636.0,60.0,0.0,951.0,90.0,215.0,6243.0,6243.0,23249.0,0.0,0.0
FR13,2022-04-04,4419.0,1342.0,304.0,0.0,1352.0,114.0,167.0,1.0,0.0,1139.0,0.0,0.0
FR13,2022-04-11,1202.0,539.0,62.0,0.0,283.0,77.0,106.0,4.0,0.0,131.0,0.0,0.0
FR13,2022-04-18,920.0,657.0,88.0,0.0,63.0,91.0,8.0,2.0,0.0,11.0,0.0,0.0
FR13,2022-04-25,22297.0,2125.0,166.0,0.0,627.0,186.0,283.0,73.0,70.0,18767.0,0.0,0.0
FR13,2022-05-02,19361.0,1136.0,170.0,0.0,2149.0,53.0,180.0,6297.0,6297.0,3079.0,0.0,0.0
FR13,2022-05-09,1422.0,433.0,60.0,0.0,560.0,39.0,177.0,11.0,10.0,132.0,0.0,0.0
FR13,2022-05-16,1516.0,633.0,139.0,0.0,340.0,149.0,106.0,0.0,0.0,149.0,0.0,0.0
FR13,2022-05-23,2683.0,1514.0,97.0,0.0,527.0,102.0,114.0,0.0,0.0,329.0,0.0,0.0
FR13,2022-05-30,38709.0,2082.0,208.0,6.0,1776.0,199.0,238.0,6183.0,6170.0,21847.0,0.0,0.0
FR13,2022-06-06,1485.0,725.0,212.0,4.0,54.0,178.0,50.0,1.0,0.0,261.0,0.0,0.0
FR13,2022-06-13,14142.0,1120.0,91.0,2.0,480.0,111.0,43.0,6110.0,6088.0,97.0,0.0,0.0
FR13,2022-06-20,2435.0,1300.0,318.0,4.0,424.0,272.0,59.0,0.0,0.0,58.0,0.0,0.0
FR13,2022-06-27,50648.0,1289.0,308.0,2.0,828.0,167.0,117.0,14453.0,14151.0,19333.0,0.0,0.0
FR13,2022-07-04,5804.0,1847.0,227.0,2.0,1784.0,263.0,363.0,1.0,0.0,1317.0,0.0,0.0
FR13,2022-07-11,671.0,367.0,71.0,0.0,114.0,87.0,21.0,0.0,0.0,11.0,0.0,0.0
FR13,2022-07-18,2409.0,1230.0,163.0,0.0,409.0,288.0,94.0,0.0,0.0,225.0,0.0,0.0
FR13,2022-07-25,18930.0,1518.0,327.0,0.0,39.0,275.0,56.0,0.0,0.0,16715.0,0.0,0.0
FR13,2022-08-01,31851.0,1499.0,464.0,0.0,2431.0,167.0,481.0,11745.0,11745.0,3319.0,0.0,0.0
FR13,2022-08-08,441.0,235.0,0.0,0.0,88.0,79.0,26.0,0.0,0.0,13.0,0.0,0.0
FR13,2022-08-15,590.0,367.0,1.0,0.0,43.0,92.0,55.0,0.0,0.0,32.0,0.0,0.0
FR13,2022-08-22,1726.0,265.0,86.0,2.0,484.0,177.0,414.0,0.0,0.0,298.0,0.0,0.0
FR13,2022-08-29,48626.0,1927.0,330.0,2.0,2385.0,293.0,135.0,11945.0,11939.0,19670.0,0.0,0.0
FR13,2022-09-05,2137.0,907.0,59.0,2.0,330.0,44.0,29.0,0.0,0.0,766.0,0.0,0.0
FR13,2022-09-12,1980.0,1019.0,84.0,0.0,124.0,325.0,259.0,5.0,4.0,160.0,0.0,0.0
FR13,2022-09-19,2603.0,1270.0,160.0,4.0,665.0,217.0,145.0,0.0,0.0,142.0,0.0,0.0
FR13,2022-09-26,44593.0,1879.0,75.0,0.0,612.0,144.0,123.0,11916.0,11916.0,17928.0,0.0,0.0
FR13,2022-10-03,6302.0,2103.0,368.0,0.0,2127.0,126.0,183.0,1.0,0.0,1394.0,0.0,0.0
FR13,2022-10-10,1807.0,1346.0,15.0,0.0,73.0,151.0,130.0,2.0,0.0,90.0,0.0,0.0
FR13,2022-10-17,2633.0,1544.0,128.0,0.0,517.0,132.0,184.0,0.0,0.0,128.0,0.0,0.0
FR13,2022-10-24,43672.0,1380.0,234.0,0.0,389.0,437.0,308.0,11911.0,11910.0,17103.0,0.0,0.0
FR13,2022-10-31,7768.0,2091.0,509.0,0.0,2251.0,145.0,59.0,2.0,1.0,2710.0,0.0,0.0
FR13,2022-11-07,3172.0,2000.0,63.0,0.0,315.0,139.0,227.0,0.0,0.0,428.0,0.0,0.0
FR13,2022-11-14,4727.0,3158.0,31.0,0.0,246.0,143.0,87.0,468.0,457.0,137.0,0.0,0.0
FR13,2022-11-21,4759.0,3481.0,121.0,0.0,701.0,295.0,66.0,7.0,3.0,85.0,0.0,0.0
FR13,2022-11-28,53426.0,4187.0,181.0,4.0,2590.0,300.0,271.0,12592.0,12563.0,20738.0,0.0,0.0
FR13,2022-12-05,6672.0,4653.0,316.0,0.0,484.0,128.0,14.0,5.0,2.0,1070.0,0.0,0.0
FR13,2022-12-12,4430.0,3524.0,140.0,0.0,53.0,171.0,291.0,1.0,0.0,250.0,0.0,0.0
FR13,2022-12-19,4743.0,2675.0,46.0,0.0,482.0,176.0,211.0,92.0,82.0,979.0,0.0,0.0
FR13,2022-12-26,47753.0,658.0,330.0,6.0,74.0,524.0,179.0,13129.0,13126.0,19727.0,0.0,0.0
FR13,2023-01-02,8263.0,2565.0,152.0,2.0,2580.0,111.0,45.0,0.0,0.0,2808.0,0.0,0.0
FR13,2023-01-09,4200.0,3685.0,83.0,2.0,209.0,149.0,50.0,0.0,0.0,22.0,0.0,0.0
FR13,2023-01-16,2635.0,1698.0,184.0,0.0,100.0,197.0,265.0,0.0,0.0,191.0,0.0,0.0
FR13,2023-01-23,71581.0,2977.0,105.0,4.0,892.0,336.0,137.0,0.0,0.0,256.0,0.0,66874.0
FR13,2023-01-30,48106.0,2775.0,156.0,0.0,2157.0,237.0,214.0,11738.0,11736.0,19093.0,0.0,0.0
FR13,2023-02-06,3245.0,1921.0,224.0,0.0,124.0,153.0,61.0,0.0,0.0,762.0,0.0,0.0
FR13,2023-02-13,2715.0,1854.0,121.0,2.0,121.0,153.0,262.0,12.0,6.0,184.0,0.0,0.0
FR13,2023-02-20,4672.0,3423.0,282.0,2.0,310.0,390.0,121.0,1.0,0.0,143.0,0.0,0.0
FR13,2023-02-27,46049.0,1805.0,227.0,2.0,2313.0,157.0,210.0,11645.0,11645.0,18045.0,0.0,0.0
FR13,2023-03-06,2493.0,1764.0,40.0,0.0,78.0,128.0,55.0,0.0,0.0,428.0,0.0,0.0
FR13,2023-03-13,1313.0,480.0,178.0,2.0,99.0,181.0,227.0,0.0,0.0,146.0,0.0,0.0
FR13,2023-03-20,4057.0,2543.0,71.0,2.0,837.0,206.0,219.0,1.0,0.0,178.0,0.0,0.0
FR13,2023-03-27,20112.0,3427.0,183.0,2.0,446.0,219.0,197.0,1.0,1.0,15636.0,0.0,0.0
FR13,2023-04-03,29734.0,3671.0,207.0,0.0,1909.0,121.0,45.0,10296.0,10296.0,3189.0,0.0,0.0
FR13,2023-04-10,2830.0,2006.0,119.0,6.0,372.0,225.0,78.0,0.0,0.0,24.0,0.0,0.0
FR13,2023-04-17,5021.0,3627.0,113.0,4.0,555.0,134.0,242.0,1.0,0.0,345.0,0.0,0.0
FR13,2023-04-24,18029.0,1424.0,42.0,2.0,490.0,249.0,233.0,0.0,0.0,15589.0,0.0,0.0
GB02,2019-12-30,24935.0,1530.0,8925.0,42.0,4210.0,3495.0,27.0,0.0,0.0,6706.0,0.0,0.0
GB02,2020-01-06,7817.0,1201.0,72.0,924.0,66.0,2972.0,19.0,1090.0,900.0,573.0,0.0,0.0
GB02,2020-01-13,3495.0,21.0,728.0,506.0,54.0,2066.0,23.0,19.0,0.0,78.0,0.0,0.0
GB02,2020-01-20,2193.0,168.0,4.0,0.0,57.0,1871.0,1.0,21.0,7.0,64.0,0.0,0.0
GB02,2020-01-27,11609.0,494.0,6641.0,40.0,142.0,4169.0,4.0,4.0,2.0,113.0,0.0,0.0
GB02,2020-02-03,42103.0,1300.0,2600.0,870.0,4661.0,2888.0,30.0,900.0,899.0,7764.0,0.0,20191.0
GB02,2020-02-10,2003.0,2.0,15.0,12.0,41.0,1880.0,2.0,0.0,0.0,51.0,0.0,0.0
GB02,2020-02-17,1515.0,423.0,33.0,46.0,107.0,712.0,18.0,6.0,5.0,165.0,0.0,0.0
GB02,2020-02-24,3220.0,24.0,1307.0,376.0,1.0,1462.0,6.0,0.0,0.0,44.0,0.0,0.0
GB02,2020-03-02,31077.0,2171.0,8453.0,842.0,4435.0,5978.0,41.0,952.0,941.0,7264.0,0.0,0.0
GB02,2020-03-09,1572.0,32.0,18.0,12.0,12.0,1474.0,1.0,0.0,0.0,23.0,0.0,0.0
GB02,2020-03-16,2090.0,181.0,8.0,8.0,188.0,1386.0,2.0,11.0,10.0,296.0,0.0,0.0
GB02,2020-03-23,5998.0,54.0,3280.0,382.0,27.0,2209.0,1.0,1.0,0.0,44.0,0.0,0.0
GB02,2020-03-30,26840.0,1535.0,6628.0,20.0,4829.0,6393.0,45.0,0.0,0.0,7390.0,0.0,0.0
GB02,2020-04-06,5043.0,514.0,35.0,898.0,9.0,875.0,25.0,927.0,919.0,841.0,0.0,0.0
GB02,2020-04-13,1315.0,26.0,8.0,8.0,59.0,1135.0,17.0,0.0,0.0,62.0,0.0,0.0
GB02,2020-04-20,2090.0,16.0,28.0,20.0,100.0,1815.0,5.0,0.0,0.0,106.0,0.0,0.0
GB02,2020-04-27,11844.0,88.0,7061.0,358.0,140.0,3840.0,23.0,19.0,15.0,300.0,0.0,0.0
GB02,2020-05-04,16557.0,1292.0,1565.0,716.0,3675.0,1529.0,30.0,1030.0,1010.0,5710.0,0.0,0.0
GB02,2020-05-11,1337.0,19.0,31.0,0.0,0.0,1285.0,1.0,0.0,0.0,1.0,0.0,0.0
GB02,2020-05-18,3321.0,78.0,306.0,40.0,69.0,2517.0,22.0,1.0,0.0,288.0,0.0,0.0
GB02,2020-05-25,1061.0,55.0,10.0,0.0,1.0,929.0,14.0,1.0,0.0,51.0,0.0,0.0
GB02,2020-06-01,24432.0,1113.0,5936.0,974.0,4238.0,4230.0,43.0,983.0,961.0,5954.0,0.0,0.0
GB02,2020-06-08,933.0,7.0,19.0,16.0,4.0,869.0,0.0,0.0,0.0,18.0,0.0,0.0
GB02,2020-06-15,1062.0,14.0,2.0,0.0,39.0,950.0,1.0,3.0,0.0,53.0,0.0,0.0
GB02,2020-06-22,2815.0,472.0,31.0,10.0,139.0,1864.0,18.0,0.0,0.0,281.0,0.0,0.0
GB02,2020-06-29,21954.0,595.0,5569.0,234.0,4647.0,4322.0,47.0,0.0,0.0,6540.0,0.0,0.0
GB02,2020-07-06,5606.0,269.0,296.0,884.0,39.0,1680.0,3.0,1014.0,995.0,426.0,0.0,0.0
GB02,2020-07-13,1587.0,38.0,34.0,60.0,45.0,1363.0,1.0,0.0,0.0,46.0,0.0,0.0
GB02,2020-07-20,2321.0,495.0,20.0,0.0,1.0,1545.0,0.0,0.0,0.0,260.0,0.0,0.0
GB02,2020-07-27,8473.0,33.0,4527.0,232.0,76.0,3463.0,31.0,0.0,0.0,111.0,0.0,0.0
GB02,2020-08-03,21294.0,904.0,1900.0,856.0,5089.0,2762.0,38.0,1100.0,1024.0,7621.0,0.0,0.0
GB02,2020-08-10,1384.0,0.0,31.0,56.0,5.0,1273.0,0.0,0.0,0.0,19.0,0.0,0.0
GB02,2020-08-17,4233.0,145.0,862.0,300.0,69.0,2471.0,25.0,0.0,0.0,361.0,0.0,0.0
GB02,2020-08-24,5509.0,235.0,2312.0,48.0,183.0,2512.0,6.0,13.0,6.0,194.0,0.0,0.0
GB02,2020-08-31,27963.0,551.0,4016.0,71.0,6927.0,5038.0,28.0,0.0,0.0,11332.0,0.0,0.0
GB02,2020-09-07,4571.0,8.0,36.0,580.0,0.0,1730.0,1.0,1024.0,1022.0,170.0,0.0,0.0
GB02,2020-09-14,2347.0,0.0,699.0,210.0,91.0,1229.0,25.0,0.0,0.0,93.0,0.0,0.0
GB02,2020-09-21,5979.0,550.0,2361.0,0.0,2.0,2981.0,3.0,3.0,2.0,77.0,0.0,0.0
GB02,2020-09-28,9517.0,163.0,3855.0,62.0,368.0,2691.0,1.0,12.0,8.0,2357.0,0.0,0.0
GB02,2020-10-05,18121.0,1076.0,337.0,464.0,4858.0,3636.0,50.0,1008.0,1001.0,5691.0,0.0,0.0
GB02,2020-10-12,1581.0,9.0,2.0,0.0,94.0,1358.0,1.0,0.0,0.0,117.0,0.0,0.0
GB02,2020-10-19,1672.0,301.0,44.0,0.0,50.0,1115.0,17.0,19.0,6.0,120.0,0.0,0.0
GB02,2020-10-26,10160.0,66.0,5611.0,212.0,166.0,3869.0,35.0,5.0,3.0,193.0,0.0,0.0
GB02,2020-11-02,21533.0,785.0,1684.0,588.0,5307.0,3489.0,32.0,1035.0,1029.0,7584.0,0.0,0.0
GB02,2020-11-09,1408.0,16.0,27.0,38.0,5.0,1318.0,0.0,1.0,0.0,3.0,0.0,0.0
GB02,2020-11-16,3327.0,173.0,15.0,4.0,96.0,2843.0,0.0,0.0,0.0,196.0,0.0,0.0
GB02,2020-11-23,9828.0,960.0,4910.0,250.0,110.0,3210.0,27.0,3.0,0.0,358.0,0.0,0.0
GB02,2020-11-30,18948.0,906.0,1784.0,36.0,5394.0,3530.0,39.0,3.0,2.0,7254.0,0.0,0.0
GB02,2020-12-07,5145.0,62.0,40.0,560.0,3.0,1877.0,1.0,1041.0,985.0,576.0,0.0,0.0
GB02,2020-12-14,3186.0,124.0,188.0,102.0,148.0,2348.0,1.0,4.0,2.0,269.0,0.0,0.0
GB02,2020-12-21,181.0,20.0,15.0,0.0,0.0,5.0,0.0,12.0,5.0,124.0,0.0,0.0
GB02,2020-12-28,11414.0,0.0,0.0,0.0,4846.0,1584.0,0.0,0.0,0.0,4984.0,0.0,0.0
GB02,2021-01-04,20778.0,1443.0,6674.0,834.0,608.0,6074.0,73.0,1058.0,1050.0,2964.0,0.0,0.0
GB02,2021-01-11,2520.0,25.0,17.0,38.0,7.0,2407.0,0.0,0.0,0.0,26.0,0.0,0.0
GB02,2021-01-18,5682.0,31.0,2691.0,254.0,83.0,2531.0,8.0,0.0,0.0,84.0,0.0,0.0
GB02,2021-01-25,6167.0,742.0,2291.0,12.0,169.0,2738.0,15.0,0.0,0.0,200.0,0.0,0.0
GB02,2021-02-01,45613.0,743.0,1605.0,584.0,5398.0,3127.0,35.0,1032.0,1028.0,7684.0,0.0,24377.0
GB02,2021-02-08,1787.0,64.0,77.0,0.0,1.0,1594.0,5.0,20.0,11.0,15.0,0.0,0.0
GB02,2021-02-15,4096.0,18.0,221.0,60.0,243.0,3285.0,2.0,0.0,0.0,267.0,0.0,0.0
GB02,2021-02-22,4604.0,152.0,2390.0,212.0,0.0,1726.0,16.0,40.0,19.0,49.0,0.0,0.0
GB02,2021-03-01,25896.0,783.0,3718.0,636.0,5714.0,4657.0,45.0,1112.0,1070.0,8161.0,0.0,0.0
GB02,2021-03-08,1344.0,0.0,5.0,0.0,0.0,1339.0,0.0,0.0,0.0,0.0,0.0,0.0
GB02,2021-03-15,6248.0,625.0,919.0,342.0,124.0,3903.0,14.0,3.0,2.0,316.0,0.0,0.0
GB02,2021-03-22,7627.0,198.0,4329.0,26.0,1.0,2960.0,19.0,0.0,0.0,94.0,0.0,0.0
GB02,2021-03-29,8834.0,269.0,1627.0,4.0,702.0,3718.0,3.0,0.0,0.0,2511.0,0.0,0.0
GB02,2021-04-05,18465.0,1184.0,173.0,632.0,5464.0,2621.0,26.0,1069.0,1066.0,6230.0,0.0,0.0
GB02,2021-04-12,2728.0,11.0,304.0,16.0,173.0,2029.0,13.0,0.0,0.0,182.0,0.0,0.0
GB02,2021-04-19,9460.0,244.0,5305.0,252.0,111.0,3388.0,7.0,5.0,2.0,146.0,0.0,0.0
GB02,2021-04-26,2864.0,13.0,267.0,118.0,97.0,2231.0,9.0,0.0,0.0,129.0,0.0,0.0
GB02,2021-05-03,23657.0,1506.0,1579.0,752.0,5854.0,3479.0,40.0,1071.0,1065.0,8311.0,0.0,0.0
GB02,2021-05-10,3169.0,42.0,548.0,108.0,125.0,2194.0,0.0,0.0,0.0,152.0,0.0,0.0
GB02,2021-05-17,6156.0,91.0,2344.0,150.0,69.0,3127.0,64.0,0.0,0.0,311.0,0.0,0.0
GB02,2021-05-24,5117.0,41.0,2359.0,22.0,129.0,2338.0,16.0,0.0,0.0,212.0,0.0,0.0
GB02,2021-05-31,24266.0,1586.0,1678.0,842.0,5793.0,3968.0,12.0,1116.0,1070.0,8201.0,0.0,0.0
GB02,2021-06-07,2475.0,41.0,4.0,4.0,46.0,2235.0,11.0,0.0,0.0,134.0,0.0,0.0
GB02,2021-06-14,5473.0,80.0,2851.0,170.0,2.0,2341.0,16.0,0.0,0.0,13.0,0.0,0.0
GB02,2021-06-21,5189.0,81.0,2365.0,12.0,152.0,2343.0,2.0,0.0,0.0,234.0,0.0,0.0
GB02,2021-06-28,8378.0,1040.0,2025.0,36.0,344.0,2372.0,27.0,0.0,0.0,2534.0,0.0,0.0
GB02,2021-07-05,17843.0,493.0,113.0,696.0,5572.0,2158.0,12.0,1167.0,1125.0,6507.0,0.0,0.0
GB02,2021-07-12,4926.0,49.0,774.0,212.0,55.0,3746.0,11.0,5.0,4.0,70.0,0.0,0.0
GB02,2021-07-19,9302.0,47.0,5052.0,124.0,143.0,3568.0,16.0,0.0,0.0,352.0,0.0,0.0
GB02,2021-07-26,2383.0,46.0,8.0,0.0,67.0,2192.0,1.0,0.0,0.0,69.0,0.0,0.0
GB02,2021-08-02,24939.0,1453.0,2236.0,656.0,5961.0,3439.0,42.0,1068.0,1067.0,9017.0,0.0,0.0
GB02,2021-08-09,4371.0,69.0,661.0,194.0,100.0,3198.0,19.0,0.0,0.0,130.0,0.0,0.0
GB02,2021-08-16,6291.0,92.0,3153.0,0.0,93.0,2616.0,22.0,0.0,0.0,315.0,0.0,0.0
GB02,2021-08-23,5659.0,58.0,2372.0,4.0,1.0,3209.0,10.0,0.0,0.0,5.0,0.0,0.0
GB02,2021-08-30,20242.0,1420.0,1929.0,8.0,5806.0,3117.0,23.0,16.0,10.0,7913.0,0.0,0.0
GB02,2021-09-06,5395.0,152.0,89.0,736.0,4.0,1525.0,2.0,1075.0,1071.0,741.0,0.0,0.0
GB02,2021-09-13,3281.0,134.0,781.0,204.0,43.0,2015.0,11.0,0.0,0.0,93.0,0.0,0.0
GB02,2021-09-20,8461.0,21.0,4992.0,16.0,97.0,3231.0,22.0,3.0,0.0,79.0,0.0,0.0
GB02,2021-09-27,3616.0,119.0,161.0,70.0,187.0,2725.0,3.0,0.0,0.0,351.0,0.0,0.0
GB02,2021-10-04,22647.0,812.0,1715.0,656.0,5769.0,3309.0,39.0,1099.0,1083.0,8165.0,0.0,0.0
GB02,2021-10-11,3479.0,53.0,775.0,208.0,94.0,2171.0,20.0,0.0,0.0,158.0,0.0,0.0
GB02,2021-10-18,5060.0,66.0,2188.0,44.0,84.0,2586.0,5.0,0.0,0.0,87.0,0.0,0.0
GB02,2021-10-25,5399.0,165.0,2486.0,12.0,46.0,2464.0,6.0,22.0,16.0,182.0,0.0,0.0
GB02,2021-11-01,26365.0,2201.0,1681.0,640.0,6052.0,4691.0,32.0,1163.0,1146.0,8759.0,0.0,0.0
GB02,2021-11-08,2346.0,58.0,835.0,196.0,0.0,1217.0,19.0,0.0,0.0,21.0,0.0,0.0
GB02,2021-11-15,5188.0,73.0,2069.0,4.0,137.0,2763.0,2.0,0.0,0.0,140.0,0.0,0.0
GB02,2021-11-22,3003.0,71.0,817.0,0.0,107.0,1836.0,9.0,1.0,0.0,162.0,0.0,0.0
GB02,2021-11-29,21911.0,1583.0,1537.0,644.0,6240.0,3084.0,38.0,284.0,168.0,8333.0,0.0,0.0
GB02,2021-12-06,4216.0,209.0,27.0,0.0,5.0,1196.0,2.0,1145.0,1129.0,503.0,0.0,0.0
GB02,2021-12-13,3203.0,326.0,957.0,0.0,115.0,1658.0,25.0,0.0,0.0,122.0,0.0,0.0
GB02,2021-12-20,1202.0,90.0,7.0,0.0,107.0,855.0,8.0,1.0,0.0,134.0,0.0,0.0
GB02,2021-12-27,1972.0,0.0,794.0,0.0,0.0,1176.0,1.0,0.0,0.0,1.0,0.0,0.0
GB02,2022-01-03,24575.0,1965.0,1523.0,568.0,6024.0,3537.0,36.0,1227.0,1152.0,8543.0,0.0,0.0
GB02,2022-01-10,2128.0,196.0,305.0,0.0,104.0,1384.0,14.0,0.0,0.0,125.0,0.0,0.0
GB02,2022-01-17,2427.0,53.0,611.0,0.0,52.0,1647.0,4.0,0.0,0.0,60.0,0.0,0.0
GB02,2022-01-24,2820.0,91.0,751.0,0.0,77.0,1778.0,2.0,14.0,12.0,95.0,0.0,0.0
GB02,2022-01-31,20772.0,1393.0,1530.0,488.0,6087.0,2974.0,31.0,0.0,0.0,8269.0,0.0,0.0
GB02,2022-02-07,30559.0,75.0,13.0,8.0,13.0,924.0,2.0,1138.0,1138.0,629.0,0.0,26619.0
GB02,2022-02-14,2387.0,200.0,278.0,0.0,137.0,1628.0,19.0,0.0,0.0,125.0,0.0,0.0
GB02,2022-02-21,4156.0,117.0,1354.0,0.0,149.0,2338.0,4.0,0.0,0.0,194.0,0.0,0.0
GB02,2022-02-28,23323.0,1539.0,1519.0,544.0,6021.0,2675.0,30.0,1128.0,1056.0,8811.0,0.0,0.0
GB02,2022-03-07,1704.0,95.0,71.0,0.0,61.0,1399.0,5.0,0.0,0.0,73.0,0.0,0.0
GB02,2022-03-14,3161.0,205.0,863.0,0.0,74.0,1898.0,18.0,0.0,0.0,103.0,0.0,0.0
GB02,2022-03-21,2490.0,96.0,760.0,0.0,40.0,1586.0,4.0,0.0,0.0,4.0,0.0,0.0
GB02,2022-03-28,16471.0,794.0,31.0,0.0,6149.0,3197.0,2.0,0.0,0.0,6298.0,0.0,0.0
GB02,2022-04-04,9670.0,1033.0,1599.0,496.0,331.0,1173.0,33.0,1043.0,1017.0,2945.0,0.0,0.0
GB02,2022-04-11,1591.0,115.0,210.0,0.0,78.0,1109.0,2.0,0.0,0.0,77.0,0.0,0.0
GB02,2022-04-18,1100.0,20.0,3.0,0.0,52.0,964.0,5.0,0.0,0.0,56.0,0.0,0.0
GB02,2022-04-25,4555.0,202.0,1541.0,0.0,115.0,2534.0,18.0,0.0,0.0,145.0,0.0,0.0
GB02,2022-05-02,23273.0,1538.0,1478.0,556.0,6006.0,2777.0,48.0,1137.0,1025.0,8708.0,0.0,0.0
GB02,2022-05-09,2264.0,277.0,296.0,0.0,83.0,1493.0,14.0,4.0,0.0,97.0,0.0,0.0
GB02,2022-05-16,2780.0,182.0,751.0,0.0,50.0,1665.0,6.0,0.0,0.0,126.0,0.0,0.0
GB02,2022-05-23,2349.0,49.0,737.0,0.0,20.0,1465.0,8.0,0.0,0.0,70.0,0.0,0.0
GB02,2022-05-30,6980.0,1249.0,1535.0,0.0,305.0,1517.0,27.0,1.0,1.0,2345.0,0.0,0.0
GB02,2022-06-06,19795.0,500.0,71.0,1172.0,6047.0,2643.0,6.0,1185.0,1079.0,7092.0,0.0,0.0
GB02,2022-06-13,1352.0,261.0,352.0,0.0,77.0,566.0,7.0,10.0,2.0,77.0,0.0,0.0
GB02,2022-06-20,4438.0,58.0,1440.0,0.0,56.0,2814.0,15.0,0.0,0.0,55.0,0.0,0.0
GB02,2022-06-27,16331.0,819.0,8.0,0.0,5948.0,3217.0,20.0,7.0,6.0,6306.0,0.0,0.0
GB02,2022-07-04,10995.0,1135.0,1524.0,1068.0,463.0,1326.0,28.0,1281.0,1094.0,3076.0,0.0,0.0
GB02,2022-07-11,2482.0,473.0,389.0,0.0,143.0,1311.0,21.0,0.0,0.0,145.0,0.0,0.0
GB02,2022-07-18,2957.0,150.0,656.0,2.0,77.0,1735.0,8.0,2.0,0.0,327.0,0.0,0.0
GB02,2022-07-25,2681.0,91.0,765.0,4.0,72.0,1648.0,7.0,0.0,0.0,94.0,0.0,0.0
GB02,2022-08-01,23434.0,1553.0,1553.0,620.0,5806.0,3183.0,38.0,1206.0,1139.0,8336.0,0.0,0.0
GB02,2022-08-08,1083.0,289.0,252.0,0.0,16.0,518.0,3.0,0.0,0.0,5.0,0.0,0.0
GB02,2022-08-15,1888.0,116.0,639.0,0.0,4.0,1121.0,8.0,0.0,0.0,0.0,0.0,0.0
GB02,2022-08-22,2833.0,1325.0,29.0,0.0,38.0,1324.0,13.0,10.0,8.0,86.0,0.0,0.0
GB02,2022-08-29,16259.0,524.0,771.0,0.0,5648.0,3540.0,13.0,5.0,4.0,5754.0,0.0,0.0
GB02,2022-09-05,9912.0,683.0,1651.0,680.0,241.0,1098.0,46.0,1309.0,1215.0,2989.0,0.0,0.0
GB02,2022-09-12,4306.0,339.0,1615.0,0.0,5.0,2298.0,30.0,0.0,0.0,19.0,0.0,0.0
GB02,2022-09-19,1442.0,33.0,31.0,0.0,135.0,930.0,2.0,0.0,0.0,311.0,0.0,0.0
GB02,2022-09-26,1616.0,137.0,7.0,4.0,180.0,1017.0,3.0,33.0,32.0,203.0,0.0,0.0
GB02,2022-10-03,22563.0,2196.0,1777.0,572.0,5916.0,2824.0,39.0,230.0,228.0,8781.0,0.0,0.0
GB02,2022-10-10,8269.0,225.0,1693.0,552.0,12.0,3003.0,24.0,1278.0,1169.0,313.0,0.0,0.0
GB02,2022-10-17,1877.0,162.0,108.0,0.0,193.0,1168.0,9.0,0.0,0.0,237.0,0.0,0.0
GB02,2022-10-24,1176.0,192.0,27.0,0.0,8.0,887.0,7.0,0.0,0.0,55.0,0.0,0.0
GB02,2022-10-31,19975.0,1216.0,1437.0,296.0,5955.0,2853.0,43.0,0.0,0.0,8175.0,0.0,0.0
GB02,2022-11-07,5829.0,514.0,138.0,964.0,68.0,867.0,1.0,1336.0,1247.0,694.0,0.0,0.0
GB02,2022-11-14,3625.0,409.0,1050.0,0.0,12.0,2138.0,10.0,0.0,0.0,6.0,0.0,0.0
GB02,2022-11-21,2568.0,228.0,702.0,0.0,98.0,1409.0,0.0,0.0,0.0,131.0,0.0,0.0
GB02,2022-11-28,16124.0,659.0,41.0,0.0,6032.0,2936.0,19.0,11.0,10.0,6416.0,0.0,0.0
GB02,2022-12-05,9615.0,1059.0,1521.0,636.0,281.0,748.0,36.0,1220.0,1200.0,2914.0,0.0,0.0
GB02,2022-12-12,1429.0,148.0,43.0,0.0,106.0,984.0,0.0,6.0,5.0,137.0,0.0,0.0
GB02,2022-12-19,4235.0,196.0,1464.0,0.0,149.0,2179.0,5.0,0.0,0.0,242.0,0.0,0.0
GB02,2022-12-26,657.0,139.0,99.0,0.0,0.0,365.0,21.0,0.0,0.0,33.0,0.0,0.0
GB02,2023-01-02,21619.0,907.0,1437.0,1168.0,5795.0,4010.0,53.0,0.0,0.0,8249.0,0.0,0.0
GB02,2023-01-09,5924.0,108.0,237.0,1048.0,56.0,1382.0,17.0,1465.0,1233.0,378.0,0.0,0.0
GB02,2023-01-16,4761.0,162.0,1350.0,0.0,121.0,2245.0,40.0,628.0,8.0,207.0,0.0,0.0
GB02,2023-01-23,1721.0,708.0,82.0,16.0,53.0,762.0,6.0,14.0,14.0,66.0,0.0,0.0
GB02,2023-01-30,49941.0,1756.0,1465.0,0.0,6221.0,3239.0,44.0,0.0,0.0,8548.0,0.0,28668.0
GB02,2023-02-06,4982.0,90.0,45.0,536.0,6.0,867.0,3.0,1359.0,1250.0,826.0,0.0,0.0
GB02,2023-02-13,1621.0,187.0,216.0,0.0,8.0,1160.0,14.0,0.0,0.0,36.0,0.0,0.0
GB02,2023-02-20,3921.0,153.0,1351.0,0.0,126.0,2151.0,19.0,0.0,0.0,121.0,0.0,0.0
GB02,2023-02-27,20342.0,938.0,1602.0,0.0,6230.0,3025.0,25.0,56.0,54.0,8412.0,0.0,0.0
GB02,2023-03-06,6796.0,454.0,26.0,992.0,1.0,1297.0,4.0,1580.0,1334.0,1108.0,0.0,0.0
GB02,2023-03-13,1959.0,259.0,354.0,0.0,158.0,1044.0,4.0,0.0,0.0,140.0,0.0,0.0
GB02,2023-03-20,4361.0,181.0,1570.0,0.0,0.0,2513.0,15.0,0.0,0.0,82.0,0.0,0.0
GB02,2023-03-27,2196.0,852.0,22.0,0.0,170.0,946.0,10.0,0.0,0.0,196.0,0.0,0.0
GB02,2023-04-03,27532.0,1774.0,1633.0,672.0,6544.0,3443.0,53.0,1711.0,1556.0,10146.0,0.0,0.0
GB02,2023-04-10,2861.0,156.0,1258.0,0.0,95.0,769.0,2.0,0.0,0.0,581.0,0.0,0.0
GB02,2023-04-17,4707.0,234.0,1319.0,0.0,5.0,2583.0,8.0,0.0,0.0,558.0,0.0,0.0
GB02,2023-04-24,4723.0,46.0,1874.0,4.0,81.0,2069.0,9.0,0.0,0.0,640.0,0.0,0.0
IT01,2019-12-30,7613.0,1228.0,87.0,0.0,195.0,188.0,32.0,1817.0,1255.0,2811.0,0.0,0.0
IT01,2020-01-06,651.0,87.0,63.0,0.0,5.0,8.0,0.0,0.0,0.0,227.0,261.0,0.0
IT01,2020-01-13,702.0,161.0,10.0,0.0,14.0,0.0,49.0,1.0,0.0,467.0,0.0,0.0
IT01,2020-01-20,941.0,437.0,143.0,0.0,86.0,67.0,110.0,0.0,0.0,98.0,0.0,0.0
IT01,2020-01-27,1470.0,403.0,457.0,0.0,178.0,108.0,48.0,7.0,0.0,269.0,0.0,0.0
IT01,2020-02-03,5013.0,457.0,65.0,0.0,450.0,102.0,25.0,712.0,182.0,3020.0,0.0,0.0
IT01,2020-02-10,989.0,111.0,28.0,0.0,4.0,11.0,43.0,26.0,0.0,357.0,409.0,0.0
IT01,2020-02-17,1237.0,429.0,51.0,0.0,313.0,28.0,38.0,3.0,0.0,375.0,0.0,0.0
IT01,2020-02-24,2297.0,676.0,412.0,0.0,283.0,124.0,31.0,357.0,7.0,173.0,234.0,0.0
IT01,2020-03-02,3919.0,552.0,125.0,0.0,224.0,111.0,81.0,706.0,178.0,1942.0,0.0,0.0
IT01,2020-03-09,3858.0,360.0,46.0,0.0,248.0,73.0,64.0,0.0,0.0,2759.0,308.0,0.0
IT01,2020-03-16,1361.0,626.0,163.0,0.0,258.0,127.0,48.0,28.0,0.0,109.0,2.0,0.0
IT01,2020-03-23,1398.0,652.0,14.0,0.0,388.0,121.0,39.0,0.0,0.0,184.0,0.0,0.0
IT01,2020-03-30,4086.0,464.0,514.0,0.0,307.0,253.0,67.0,721.0,182.0,1578.0,0.0,0.0
IT01,2020-04-06,1220.0,188.0,102.0,0.0,26.0,61.0,95.0,0.0,0.0,403.0,345.0,0.0
IT01,2020-04-13,838.0,208.0,1.0,0.0,259.0,3.0,4.0,0.0,0.0,363.0,0.0,0.0
IT01,2020-04-20,1280.0,379.0,61.0,0.0,236.0,84.0,76.0,20.0,18.0,406.0,0.0,0.0
IT01,2020-04-27,3059.0,829.0,377.0,0.0,427.0,76.0,48.0,818.0,280.0,204.0,0.0,0.0
IT01,2020-05-04,2711.0,189.0,58.0,0.0,208.0,199.0,33.0,3.0,0.0,1694.0,327.0,0.0
IT01,2020-05-11,1198.0,220.0,56.0,0.0,139.0,34.0,76.0,114.0,101.0,458.0,0.0,0.0
IT01,2020-05-18,1005.0,517.0,8.0,0.0,39.0,40.0,21.0,41.0,3.0,336.0,0.0,0.0
IT01,2020-05-25,1453.0,597.0,91.0,0.0,393.0,115.0,59.0,21.0,5.0,172.0,0.0,0.0
IT01,2020-06-01,3908.0,248.0,381.0,0.0,295.0,161.0,31.0,692.0,179.0,1747.0,174.0,0.0
IT01,2020-06-08,570.0,284.0,18.0,0.0,90.0,48.0,70.0,0.0,0.0,60.0,0.0,0.0
IT01,2020-06-15,1656.0,373.0,17.0,0.0,228.0,41.0,70.0,0.0,0.0,927.0,0.0,0.0
IT01,2020-06-22,727.0,176.0,21.0,0.0,348.0,48.0,25.0,2.0,2.0,105.0,0.0,0.0
IT01,2020-06-29,3469.0,295.0,235.0,0.0,295.0,197.0,56.0,711.0,188.0,1492.0,0.0,0.0
IT01,2020-07-06,1617.0,309.0,306.0,0.0,4.0,119.0,2.0,0.0,0.0,695.0,182.0,0.0
IT01,2020-07-13,1072.0,280.0,59.0,0.0,219.0,71.0,142.0,0.0,0.0,301.0,0.0,0.0
IT01,2020-07-20,1408.0,749.0,38.0,0.0,269.0,20.0,46.0,81.0,2.0,203.0,0.0,0.0
IT01,2020-07-27,2642.0,398.0,325.0,0.0,290.0,301.0,40.0,709.0,184.0,395.0,0.0,0.0
IT01,2020-08-03,2376.0,165.0,44.0,0.0,189.0,225.0,19.0,1.0,0.0,1477.0,256.0,0.0
IT01,2020-08-10,517.0,0.0,55.0,0.0,295.0,65.0,59.0,0.0,0.0,43.0,0.0,0.0
IT01,2020-08-17,116.0,56.0,2.0,0.0,0.0,15.0,29.0,0.0,0.0,14.0,0.0,0.0
IT01,2020-08-24,1339.0,314.0,79.0,0.0,107.0,64.0,23.0,0.0,0.0,752.0,0.0,0.0
IT01,2020-08-31,3932.0,796.0,59.0,0.0,334.0,86.0,48.0,684.0,192.0,1733.0,0.0,0.0
IT01,2020-09-07,248.0,0.0,0.0,0.0,0.0,0.0,0.0,0.0,0.0,36.0,212.0,0.0
IT01,2020-09-14,1542.0,222.0,235.0,0.0,292.0,85.0,1.0,0.0,0.0,707.0,0.0,0.0
IT01,2020-09-21,1868.0,867.0,7.0,0.0,252.0,42.0,0.0,309.0,302.0,89.0,0.0,0.0
IT01,2020-09-28,2313.0,392.0,163.0,0.0,207.0,151.0,188.0,672.0,184.0,356.0,0.0,0.0
IT01,2020-10-05,2106.0,137.0,4.0,0.0,92.0,10.0,5.0,0.0,0.0,1550.0,308.0,0.0
IT01,2020-10-12,854.0,294.0,17.0,0.0,80.0,3.0,0.0,1.0,0.0,459.0,0.0,0.0
IT01,2020-10-19,2480.0,429.0,180.0,0.0,198.0,283.0,177.0,421.0,415.0,377.0,0.0,0.0
IT01,2020-10-26,1661.0,718.0,338.0,0.0,379.0,106.0,34.0,9.0,0.0,77.0,0.0,0.0
IT01,2020-11-02,3987.0,281.0,171.0,0.0,269.0,71.0,30.0,660.0,176.0,2063.0,266.0,0.0
IT01,2020-11-09,7735.0,150.0,51.0,0.0,335.0,99.0,60.0,0.0,0.0,1218.0,0.0,5822.0
IT01,2020-11-16,1034.0,233.0,166.0,0.0,219.0,66.0,35.0,0.0,0.0,315.0,0.0,0.0
IT01,2020-11-23,2588.0,841.0,302.0,0.0,295.0,236.0,59.0,414.0,400.0,41.0,0.0,0.0
IT01,2020-11-30,3754.0,460.0,88.0,0.0,284.0,118.0,43.0,666.0,162.0,1933.0,0.0,0.0
IT01,2020-12-07,743.0,112.0,37.0,0.0,153.0,43.0,54.0,0.0,0.0,58.0,286.0,0.0
IT01,2020-12-14,2289.0,633.0,56.0,0.0,421.0,205.0,37.0,208.0,195.0,534.0,0.0,0.0
IT01,2020-12-21,1522.0,607.0,53.0,0.0,265.0,50.0,56.0,3.0,0.0,488.0,0.0,0.0
IT01,2020-12-28,6878.0,1432.0,583.0,0.0,288.0,320.0,79.0,3178.0,172.0,826.0,0.0,0.0
IT01,2021-01-04,2507.0,203.0,28.0,0.0,155.0,38.0,9.0,1.0,0.0,1767.0,306.0,0.0
IT01,2021-01-18,10447.0,174.0,19.0,0.0,322.0,36.0,163.0,1.0,0.0,222.0,0.0,9510.0
IT01,2021-01-25,2178.0,103.0,436.0,0.0,561.0,167.0,57.0,0.0,0.0,854.0,0.0,0.0
IT01,2021-02-01,4190.0,711.0,65.0,0.0,279.0,109.0,25.0,538.0,148.0,2099.0,216.0,0.0
IT01,2021-02-08,324.0,143.0,0.0,0.0,127.0,1.0,0.0,0.0,0.0,53.0,0.0,0.0
IT01,2021-02-15,965.0,266.0,8.0,0.0,170.0,2.0,22.0,2.0,0.0,495.0,0.0,0.0
IT01,2021-02-22,2467.0,832.0,513.0,0.0,518.0,168.0,151.0,13.0,0.0,272.0,0.0,0.0
IT01,2021-03-01,3771.0,255.0,37.0,0.0,239.0,169.0,26.0,530.0,142.0,2075.0,298.0,0.0
IT01,2021-03-08,1110.0,222.0,27.0,0.0,256.0,28.0,71.0,0.0,0.0,506.0,0.0,0.0
IT01,2021-03-15,537.0,267.0,16.0,0.0,147.0,40.0,39.0,4.0,2.0,22.0,0.0,0.0
IT01,2021-03-22,1039.0,262.0,18.0,0.0,270.0,83.0,59.0,1.0,0.0,346.0,0.0,0.0
IT01,2021-03-29,1617.0,417.0,380.0,0.0,432.0,169.0,44.0,24.0,4.0,147.0,0.0,0.0
IT01,2021-04-05,3744.0,573.0,51.0,0.0,62.0,181.0,6.0,538.0,149.0,1926.0,258.0,0.0
IT01,2021-04-12,1360.0,353.0,50.0,0.0,117.0,47.0,112.0,89.0,80.0,512.0,0.0,0.0
IT01,2021-04-19,886.0,381.0,44.0,0.0,57.0,56.0,35.0,10.0,8.0,295.0,0.0,0.0
IT01,2021-04-26,1473.0,281.0,357.0,0.0,474.0,132.0,65.0,3.0,2.0,159.0,0.0,0.0
IT01,2021-05-03,3832.0,340.0,83.0,0.0,324.0,54.0,30.0,538.0,151.0,1946.0,366.0,0.0
IT01,2021-05-10,1084.0,266.0,25.0,0.0,146.0,29.0,59.0,0.0,0.0,559.0,0.0,0.0
IT01,2021-05-17,460.0,261.0,5.0,0.0,76.0,11.0,23.0,2.0,0.0,82.0,0.0,0.0
IT01,2021-05-24,1503.0,533.0,182.0,0.0,331.0,149.0,55.0,5.0,0.0,248.0,0.0,0.0
IT01,2021-05-31,3413.0,406.0,204.0,0.0,542.0,255.0,50.0,68.0,37.0,1851.0,0.0,0.0
IT01,2021-06-07,1938.0,183.0,15.0,0.0,0.0,19.0,39.0,478.0,113.0,689.0,402.0,0.0
IT01,2021-06-14,823.0,398.0,64.0,0.0,210.0,18.0,46.0,1.0,0.0,86.0,0.0,0.0
IT01,2021-06-21,1240.0,232.0,14.0,0.0,331.0,254.0,51.0,11.0,10.0,337.0,0.0,0.0
IT01,2021-06-28,4098.0,571.0,398.0,0.0,594.0,154.0,46.0,541.0,157.0,1637.0,0.0,0.0
IT01,2021-07-05,1081.0,189.0,14.0,0.0,108.0,8.0,1.0,7.0,0.0,262.0,492.0,0.0
IT01,2021-07-12,1333.0,271.0,51.0,0.0,303.0,44.0,108.0,0.0,0.0,556.0,0.0,0.0
IT01,2021-07-19,1167.0,517.0,13.0,0.0,314.0,79.0,27.0,0.0,0.0,217.0,0.0,0.0
IT01,2021-07-26,3055.0,832.0,83.0,0.0,271.0,195.0,88.0,845.0,447.0,294.0,0.0,0.0
IT01,2021-08-02,3614.0,229.0,410.0,0.0,354.0,119.0,127.0,0.0,0.0,2051.0,324.0,0.0
IT01,2021-08-09,772.0,3.0,29.0,0.0,581.0,14.0,80.0,0.0,0.0,65.0,0.0,0.0
IT01,2021-08-16,79.0,66.0,0.0,0.0,13.0,0.0,0.0,0.0,0.0,0.0,0.0,0.0
IT01,2021-08-23,1045.0,339.0,7.0,0.0,45.0,52.0,54.0,0.0,0.0,548.0,0.0,0.0
IT01,2021-08-30,4627.0,683.0,268.0,0.0,523.0,120.0,86.0,628.0,253.0,2066.0,0.0,0.0
IT01,2021-09-06,1215.0,388.0,51.0,0.0,28.0,16.0,54.0,2.0,0.0,383.0,293.0,0.0
IT01,2021-09-13,1631.0,381.0,234.0,0.0,259.0,150.0,132.0,0.0,0.0,475.0,0.0,0.0
IT01,2021-09-20,948.0,260.0,19.0,0.0,182.0,170.0,52.0,3.0,0.0,262.0,0.0,0.0
IT01,2021-09-27,2693.0,672.0,312.0,0.0,436.0,352.0,146.0,517.0,142.0,116.0,0.0,0.0
IT01,2021-10-04,3104.0,364.0,36.0,0.0,252.0,21.0,10.0,0.0,0.0,2124.0,297.0,0.0
IT01,2021-10-11,1451.0,386.0,48.0,0.0,333.0,35.0,85.0,0.0,0.0,564.0,0.0,0.0
IT01,2021-10-18,473.0,148.0,3.0,0.0,228.0,24.0,28.0,10.0,8.0,24.0,0.0,0.0
IT01,2021-10-25,13805.0,874.0,62.0,0.0,360.0,145.0,30.0,6039.0,6024.0,271.0,0.0,0.0
IT01,2021-11-01,4551.0,858.0,425.0,0.0,572.0,172.0,175.0,1.0,1.0,2029.0,318.0,0.0
IT01,2021-11-08,727.0,184.0,0.0,0.0,161.0,0.0,0.0,0.0,0.0,382.0,0.0,0.0
IT01,2021-11-15,1065.0,262.0,23.0,0.0,169.0,151.0,90.0,1.0,0.0,369.0,0.0,0.0
IT01,2021-11-22,2832.0,558.0,49.0,0.0,589.0,47.0,65.0,1110.0,351.0,63.0,0.0,0.0
IT01,2021-11-29,5431.0,1462.0,128.0,0.0,451.0,128.0,206.0,552.0,133.0,2371.0,0.0,0.0
IT01,2021-12-06,1705.0,471.0,8.0,0.0,6.0,1.0,0.0,0.0,0.0,809.0,410.0,0.0
IT01,2021-12-13,2337.0,1181.0,2.0,0.0,284.0,5.0,39.0,524.0,144.0,158.0,0.0,0.0
IT01,2021-12-20,2435.0,1533.0,51.0,0.0,164.0,66.0,86.0,4.0,4.0,527.0,0.0,0.0
IT01,2021-12-27,3066.0,1955.0,167.0,0.0,570.0,176.0,77.0,13.0,8.0,100.0,0.0,0.0
IT01,2022-01-03,4184.0,557.0,89.0,0.0,367.0,39.0,203.0,2.0,2.0,2498.0,427.0,0.0
IT01,2022-01-17,10336.0,166.0,0.0,0.0,363.0,0.0,1.0,0.0,0.0,323.0,0.0,9483.0
IT01,2022-01-24,1782.0,461.0,39.0,0.0,692.0,24.0,190.0,2.0,0.0,374.0,0.0,0.0
IT01,2022-01-31,5955.0,744.0,142.0,0.0,1003.0,138.0,152.0,528.0,153.0,3095.0,0.0,0.0
IT01,2022-02-07,1227.0,203.0,5.0,0.0,103.0,3.0,7.0,0.0,0.0,702.0,204.0,0.0
IT01,2022-02-14,865.0,401.0,37.0,0.0,231.0,53.0,103.0,0.0,0.0,40.0,0.0,0.0
IT01,2022-02-21,1568.0,658.0,20.0,0.0,320.0,100.0,38.0,16.0,12.0,404.0,0.0,0.0
IT01,2022-02-28,4109.0,436.0,108.0,0.0,507.0,105.0,180.0,572.0,157.0,2044.0,0.0,0.0
IT01,2022-03-07,1749.0,52.0,32.0,0.0,185.0,0.0,0.0,281.0,280.0,623.0,296.0,0.0
IT01,2022-03-14,991.0,381.0,25.0,0.0,333.0,48.0,107.0,18.0,0.0,79.0,0.0,0.0
IT01,2022-03-21,2340.0,549.0,18.0,0.0,419.0,23.0,42.0,823.0,178.0,288.0,0.0,0.0
IT01,2022-03-28,1322.0,563.0,81.0,0.0,210.0,191.0,34.0,0.0,0.0,243.0,0.0,0.0
IT01,2022-04-04,3489.0,350.0,69.0,0.0,276.0,48.0,182.0,0.0,0.0,2242.0,322.0,0.0
IT01,2022-04-11,1235.0,286.0,33.0,0.0,248.0,33.0,101.0,0.0,0.0,534.0,0.0,0.0
IT01,2022-04-18,11251.0,201.0,31.0,0.0,140.0,24.0,76.0,10446.0,0.0,333.0,0.0,0.0
IT01,2022-04-25,899.0,397.0,56.0,0.0,230.0,96.0,51.0,3.0,0.0,66.0,0.0,0.0
IT01,2022-05-02,4268.0,788.0,29.0,0.0,396.0,30.0,111.0,515.0,145.0,2060.0,194.0,0.0
IT01,2022-05-09,756.0,137.0,0.0,0.0,124.0,0.0,0.0,0.0,0.0,495.0,0.0,0.0
IT01,2022-05-16,439.0,153.0,27.0,0.0,76.0,2.0,24.0,0.0,0.0,157.0,0.0,0.0
IT01,2022-05-23,2078.0,452.0,28.0,0.0,387.0,57.0,158.0,506.0,138.0,352.0,0.0,0.0
IT01,2022-05-30,3883.0,912.0,198.0,0.0,514.0,178.0,261.0,14.0,10.0,1796.0,0.0,0.0
IT01,2022-06-06,1938.0,293.0,16.0,0.0,206.0,13.0,48.0,0.0,0.0,1054.0,308.0,0.0
IT01,2022-06-13,585.0,185.0,32.0,0.0,154.0,13.0,29.0,6.0,5.0,161.0,0.0,0.0
IT01,2022-06-20,1681.0,605.0,16.0,0.0,300.0,22.0,39.0,508.0,146.0,45.0,0.0,0.0
IT01,2022-06-27,1956.0,706.0,123.0,0.0,307.0,177.0,234.0,1.0,0.0,408.0,0.0,0.0
IT01,2022-07-04,3064.0,268.0,46.0,0.0,187.0,12.0,0.0,6.0,0.0,2168.0,377.0,0.0
IT01,2022-07-11,263.0,142.0,4.0,0.0,117.0,0.0,0.0,0.0,0.0,0.0,0.0,0.0
IT01,2022-07-18,1279.0,508.0,58.0,0.0,327.0,47.0,119.0,1.0,0.0,219.0,0.0,0.0
IT01,2022-07-25,2797.0,1010.0,22.0,0.0,359.0,43.0,95.0,530.0,166.0,572.0,0.0,0.0
IT01,2022-08-01,3623.0,290.0,115.0,0.0,393.0,138.0,194.0,0.0,0.0,2246.0,247.0,0.0
IT01,2022-08-08,243.0,40.0,0.0,0.0,203.0,0.0,0.0,0.0,0.0,0.0,0.0,0.0
IT01,2022-08-15,40.0,0.0,0.0,0.0,40.0,0.0,0.0,0.0,0.0,0.0,0.0,0.0
IT01,2022-08-22,75.0,8.0,0.0,0.0,67.0,0.0,0.0,0.0,0.0,0.0,0.0,0.0
IT01,2022-08-29,3173.0,702.0,58.0,0.0,425.0,113.0,198.0,482.0,134.0,1061.0,0.0,0.0
IT01,2022-09-05,4494.0,317.0,21.0,0.0,194.0,5.0,5.0,0.0,0.0,3658.0,294.0,0.0
IT01,2022-09-12,1416.0,350.0,51.0,0.0,307.0,35.0,83.0,0.0,0.0,590.0,0.0,0.0
IT01,2022-09-19,1228.0,458.0,50.0,0.0,339.0,26.0,40.0,1.0,0.0,314.0,0.0,0.0
IT01,2022-09-26,1770.0,734.0,46.0,0.0,753.0,42.0,104.0,4.0,1.0,86.0,0.0,0.0
IT01,2022-10-03,4245.0,409.0,142.0,0.0,377.0,180.0,179.0,483.0,137.0,2121.0,217.0,0.0
IT01,2022-10-10,1068.0,151.0,55.0,0.0,296.0,23.0,94.0,0.0,0.0,449.0,0.0,0.0
IT01,2022-10-17,1535.0,883.0,11.0,0.0,377.0,24.0,59.0,4.0,0.0,177.0,0.0,0.0
IT01,2022-10-24,1127.0,313.0,37.0,0.0,265.0,29.0,62.0,22.0,12.0,387.0,0.0,0.0
IT01,2022-10-31,4004.0,434.0,53.0,0.0,495.0,122.0,81.0,770.0,127.0,1922.0,0.0,0.0
IT01,2022-11-07,1258.0,151.0,31.0,0.0,205.0,16.0,58.0,0.0,0.0,616.0,181.0,0.0
IT01,2022-11-14,798.0,201.0,52.0,0.0,260.0,20.0,134.0,0.0,0.0,131.0,0.0,0.0
IT01,2022-11-21,1523.0,466.0,80.0,0.0,434.0,150.0,72.0,1.0,0.0,320.0,0.0,0.0
IT01,2022-11-28,2656.0,752.0,110.0,0.0,462.0,109.0,168.0,495.0,147.0,413.0,0.0,0.0
IT01,2022-12-05,2367.0,228.0,21.0,0.0,91.0,1.0,0.0,1.0,1.0,1732.0,292.0,0.0
IT01,2022-12-12,2249.0,457.0,7.0,0.0,603.0,22.0,74.0,416.0,125.0,545.0,0.0,0.0
IT01,2022-12-19,1408.0,551.0,98.0,0.0,417.0,82.0,81.0,10.0,8.0,161.0,0.0,0.0
IT01,2022-12-26,2671.0,993.0,70.0,0.0,214.0,53.0,61.0,168.0,152.0,960.0,0.0,0.0
IT01,2023-01-02,4157.0,359.0,191.0,0.0,333.0,108.0,208.0,105.0,3.0,2601.0,249.0,0.0
IT01,2023-01-09,22.0,4.0,0.0,0.0,0.0,0.0,0.0,2.0,0.0,16.0,0.0,0.0
IT01,2023-01-16,876.0,284.0,28.0,0.0,299.0,28.0,142.0,1.0,0.0,94.0,0.0,0.0
IT01,2023-01-23,12863.0,328.0,42.0,0.0,472.0,33.0,81.0,0.0,0.0,970.0,0.0,10937.0
IT01,2023-01-30,4630.0,718.0,147.0,0.0,837.0,166.0,196.0,344.0,85.0,2137.0,0.0,0.0
IT01,2023-02-06,1176.0,19.0,22.0,0.0,10.0,3.0,10.0,0.0,0.0,946.0,166.0,0.0
IT01,2023-02-13,1049.0,104.0,23.0,0.0,343.0,29.0,85.0,0.0,0.0,465.0,0.0,0.0
IT01,2023-02-20,1740.0,535.0,20.0,0.0,560.0,29.0,54.0,1.0,0.0,541.0,0.0,0.0
IT01,2023-02-27,3739.0,885.0,133.0,0.0,503.0,148.0,175.0,124.0,102.0,1669.0,0.0,0.0
IT01,2023-03-06,1580.0,96.0,32.0,0.0,137.0,1.0,0.0,346.0,88.0,625.0,255.0,0.0
IT01,2023-03-13,927.0,375.0,46.0,0.0,239.0,44.0,123.0,0.0,0.0,100.0,0.0,0.0
IT01,2023-03-20,1911.0,588.0,19.0,0.0,442.0,6.0,9.0,1.0,0.0,846.0,0.0,0.0
IT01,2023-03-27,1744.0,811.0,39.0,0.0,293.0,24.0,84.0,374.0,86.0,33.0,0.0,0.0
IT01,2023-04-03,3875.0,265.0,107.0,0.0,240.0,177.0,182.0,4.0,3.0,2568.0,329.0,0.0
IT01,2023-04-10,632.0,109.0,17.0,0.0,72.0,0.0,0.0,0.0,0.0,434.0,0.0,0.0
IT01,2023-04-17,553.0,330.0,17.0,0.0,63.0,0.0,0.0,0.0,0.0,143.0,0.0,0.0
IT01,2023-04-24,1674.0,533.0,74.0,0.0,302.0,104.0,246.0,4.0,0.0,411.0,0.0,0.0
PL01,2019-12-30,49722.0,275.0,2744.0,0.0,273.0,3.0,16.0,21283.0,21283.0,3845.0,0.0,0.0
PL01,2020-01-06,4865.0,67.0,2104.0,76.0,53.0,3.0,16.0,0.0,0.0,2546.0,0.0,0.0
PL01,2020-01-13,2623.0,167.0,148.0,0.0,0.0,59.0,1056.0,66.0,66.0,1061.0,0.0,0.0
PL01,2020-01-20,1418.0,390.0,207.0,12.0,126.0,104.0,207.0,9.0,9.0,354.0,0.0,0.0
PL01,2020-01-27,764.0,377.0,139.0,12.0,12.0,68.0,73.0,4.0,0.0,79.0,0.0,0.0
PL01,2020-02-03,48322.0,92.0,4579.0,0.0,242.0,3.0,11.0,18582.0,18582.0,6231.0,0.0,0.0
PL01,2020-02-10,3444.0,199.0,464.0,14.0,12.0,104.0,1103.0,0.0,0.0,1548.0,0.0,0.0
PL01,2020-02-17,519.0,61.0,23.0,12.0,119.0,23.0,144.0,0.0,0.0,137.0,0.0,0.0
PL01,2020-02-24,582.0,200.0,105.0,0.0,10.0,60.0,53.0,3.0,0.0,151.0,0.0,0.0
PL01,2020-03-02,58252.0,359.0,4595.0,9.0,282.0,28.0,22.0,23311.0,23309.0,6337.0,0.0,0.0
PL01,2020-03-09,2649.0,149.0,148.0,6.0,34.0,98.0,1089.0,0.0,0.0,1125.0,0.0,0.0
PL01,2020-03-16,781.0,248.0,86.0,0.0,2.0,39.0,150.0,14.0,11.0,231.0,0.0,0.0
PL01,2020-03-23,612.0,228.0,75.0,0.0,60.0,48.0,51.0,0.0,0.0,150.0,0.0,0.0
PL01,2020-03-30,41316.0,316.0,1367.0,28.0,167.0,62.0,33.0,18810.0,18810.0,1723.0,0.0,0.0
PL01,2020-04-06,13270.0,241.0,4610.0,6.0,118.0,71.0,1147.0,0.0,0.0,7077.0,0.0,0.0
PL01,2020-04-13,858.0,259.0,143.0,0.0,0.0,59.0,161.0,0.0,0.0,236.0,0.0,0.0
PL01,2020-04-20,601.0,169.0,95.0,4.0,102.0,46.0,47.0,0.0,0.0,138.0,0.0,0.0
PL01,2020-04-27,294.0,40.0,80.0,4.0,27.0,59.0,39.0,0.0,0.0,45.0,0.0,0.0
PL01,2020-05-04,54646.0,68.0,5248.0,2.0,198.0,4.0,17.0,21092.0,21092.0,6925.0,0.0,0.0
PL01,2020-05-11,2667.0,289.0,111.0,2.0,24.0,57.0,1081.0,0.0,0.0,1103.0,0.0,0.0
PL01,2020-05-18,1966.0,120.0,649.0,4.0,134.0,48.0,217.0,23.0,5.0,766.0,0.0,0.0
PL01,2020-05-25,533.0,283.0,65.0,2.0,7.0,4.0,20.0,72.0,8.0,72.0,0.0,0.0
PL01,2020-06-01,55446.0,108.0,5041.0,2.0,260.0,49.0,33.0,21673.0,21673.0,6607.0,0.0,0.0
PL01,2020-06-08,2662.0,109.0,78.0,0.0,16.0,47.0,1029.0,324.0,36.0,1023.0,0.0,0.0
PL01,2020-06-15,2307.0,204.0,292.0,6.0,45.0,69.0,226.0,620.0,604.0,241.0,0.0,0.0
PL01,2020-06-22,870.0,80.0,51.0,4.0,92.0,24.0,43.0,409.0,83.0,84.0,0.0,0.0
PL01,2020-06-29,58254.0,278.0,3703.0,2.0,202.0,32.0,30.0,26925.0,21361.0,5721.0,0.0,0.0
PL01,2020-07-06,30236.0,235.0,1848.0,4.0,86.0,60.0,975.0,4150.0,1.0,7349.0,0.0,15528.0
PL01,2020-07-13,875.0,198.0,50.0,2.0,8.0,35.0,243.0,0.0,0.0,339.0,0.0,0.0
PL01,2020-07-20,7137.0,76.0,70.0,4.0,45.0,55.0,81.0,6537.0,129.0,140.0,0.0,0.0
PL01,2020-07-27,41419.0,120.0,114.0,10.0,0.0,53.0,56.0,20477.0,20477.0,112.0,0.0,0.0
PL01,2020-08-03,15638.0,222.0,5752.0,14.0,287.0,47.0,907.0,0.0,0.0,8409.0,0.0,0.0
PL01,2020-08-10,281.0,109.0,10.0,2.0,30.0,3.0,64.0,0.0,0.0,63.0,0.0,0.0
PL01,2020-08-17,146.0,146.0,0.0,0.0,0.0,0.0,0.0,0.0,0.0,0.0,0.0,0.0
PL01,2020-08-24,987.0,98.0,130.0,4.0,20.0,106.0,300.0,0.0,0.0,329.0,0.0,0.0
PL01,2020-08-31,42977.0,291.0,4639.0,0.0,273.0,5.0,20.0,15676.0,15676.0,6397.0,0.0,0.0
PL01,2020-09-07,3073.0,139.0,470.0,10.0,56.0,79.0,910.0,0.0,0.0,1409.0,0.0,0.0
PL01,2020-09-14,913.0,216.0,76.0,2.0,19.0,51.0,238.0,0.0,0.0,311.0,0.0,0.0
PL01,2020-09-21,323.0,35.0,55.0,2.0,10.0,41.0,38.0,0.0,0.0,142.0,0.0,0.0
PL01,2020-09-28,34396.0,310.0,1096.0,0.0,16.0,50.0,45.0,15854.0,15854.0,1171.0,0.0,0.0
PL01,2020-10-05,13016.0,45.0,4677.0,2.0,193.0,30.0,914.0,0.0,0.0,7155.0,0.0,0.0
PL01,2020-10-12,980.0,158.0,100.0,2.0,40.0,53.0,257.0,5.0,0.0,365.0,0.0,0.0
PL01,2020-10-19,519.0,121.0,79.0,0.0,141.0,43.0,48.0,0.0,0.0,87.0,0.0,0.0
PL01,2020-10-26,22725.0,214.0,738.0,4.0,21.0,38.0,42.0,11083.0,9785.0,800.0,0.0,0.0
PL01,2020-11-02,48783.0,163.0,5503.0,0.0,250.0,21.0,606.0,17033.0,17033.0,8174.0,0.0,0.0
PL01,2020-11-09,1098.0,129.0,29.0,2.0,88.0,12.0,395.0,0.0,0.0,443.0,0.0,0.0
PL01,2020-11-16,1066.0,305.0,84.0,2.0,2.0,83.0,265.0,0.0,0.0,325.0,0.0,0.0
PL01,2020-11-23,445.0,135.0,95.0,2.0,4.0,32.0,45.0,23.0,18.0,91.0,0.0,0.0
PL01,2020-11-30,48669.0,203.0,6529.0,2.0,215.0,11.0,21.0,16450.0,16450.0,8788.0,0.0,0.0
PL01,2020-12-07,2640.0,139.0,108.0,4.0,103.0,55.0,1090.0,0.0,0.0,1141.0,0.0,0.0
PL01,2020-12-14,3037.0,455.0,886.0,2.0,23.0,69.0,315.0,0.0,0.0,1287.0,0.0,0.0
PL01,2020-12-21,892.0,128.0,239.0,0.0,0.0,0.0,48.0,0.0,0.0,477.0,0.0,0.0
PL01,2020-12-28,37214.0,118.0,131.0,0.0,54.0,43.0,65.0,18325.0,18208.0,270.0,0.0,0.0
PL01,2021-01-04,24501.0,181.0,5793.0,68.0,259.0,22.0,965.0,4214.0,4209.0,8790.0,0.0,0.0
PL01,2021-01-11,2575.0,85.0,926.0,0.0,174.0,47.0,212.0,0.0,0.0,1131.0,0.0,0.0
PL01,2021-01-18,795.0,223.0,127.0,0.0,15.0,32.0,176.0,0.0,0.0,222.0,0.0,0.0
PL01,2021-01-25,2371.0,245.0,44.0,4.0,2.0,29.0,46.0,1214.0,748.0,39.0,0.0,0.0
PL01,2021-02-01,52418.0,172.0,5437.0,0.0,257.0,21.0,627.0,18935.0,18930.0,8039.0,0.0,0.0
PL01,2021-02-08,1139.0,63.0,66.0,4.0,134.0,57.0,386.0,12.0,0.0,417.0,0.0,0.0
PL01,2021-02-15,2673.0,103.0,918.0,0.0,2.0,32.0,345.0,0.0,0.0,1273.0,0.0,0.0
PL01,2021-02-22,793.0,314.0,114.0,2.0,10.0,33.0,61.0,24.0,24.0,211.0,0.0,0.0
PL01,2021-03-01,50680.0,130.0,4762.0,4.0,174.0,57.0,640.0,18813.0,18813.0,7287.0,0.0,0.0
PL01,2021-03-08,2792.0,150.0,908.0,2.0,16.0,61.0,355.0,12.0,0.0,1288.0,0.0,0.0
PL01,2021-03-15,944.0,149.0,55.0,2.0,10.0,36.0,330.0,0.0,0.0,362.0,0.0,0.0
PL01,2021-03-22,369.0,89.0,76.0,10.0,16.0,51.0,38.0,0.0,0.0,89.0,0.0,0.0
PL01,2021-03-29,40734.0,254.0,1565.0,0.0,60.0,21.0,29.0,18445.0,18445.0,1915.0,0.0,0.0
PL01,2021-04-05,13555.0,109.0,4881.0,2.0,108.0,27.0,958.0,0.0,0.0,7470.0,0.0,0.0
PL01,2021-04-12,1184.0,140.0,85.0,0.0,96.0,23.0,370.0,5.0,0.0,465.0,0.0,0.0
PL01,2021-04-19,463.0,141.0,50.0,0.0,76.0,30.0,46.0,0.0,0.0,120.0,0.0,0.0
PL01,2021-04-26,2987.0,234.0,83.0,4.0,13.0,46.0,60.0,1169.0,1164.0,214.0,0.0,0.0
PL01,2021-05-03,69550.0,78.0,5679.0,0.0,158.0,31.0,956.0,19357.0,19357.0,8340.0,0.0,15594.0
PL01,2021-05-10,3023.0,125.0,1076.0,0.0,29.0,22.0,306.0,0.0,0.0,1465.0,0.0,0.0
PL01,2021-05-17,482.0,142.0,75.0,2.0,32.0,47.0,55.0,0.0,0.0,129.0,0.0,0.0
PL01,2021-05-24,348.0,103.0,80.0,0.0,12.0,30.0,27.0,30.0,0.0,66.0,0.0,0.0
PL01,2021-05-31,49326.0,182.0,5007.0,4.0,116.0,33.0,32.0,18603.0,18603.0,6746.0,0.0,0.0
PL01,2021-06-07,4516.0,181.0,894.0,0.0,78.0,52.0,1190.0,0.0,0.0,2121.0,0.0,0.0
PL01,2021-06-14,458.0,119.0,74.0,0.0,31.0,64.0,63.0,0.0,0.0,107.0,0.0,0.0
PL01,2021-06-21,43138.0,78.0,79.0,4.0,44.0,27.0,49.0,21383.0,21383.0,91.0,0.0,0.0
PL01,2021-06-28,7054.0,316.0,3089.0,0.0,50.0,45.0,50.0,0.0,0.0,3504.0,0.0,0.0
PL01,2021-07-05,8269.0,172.0,2327.0,2.0,151.0,50.0,986.0,0.0,0.0,4581.0,0.0,0.0
PL01,2021-07-12,137.0,69.0,25.0,0.0,3.0,0.0,0.0,12.0,0.0,28.0,0.0,0.0
PL01,2021-07-19,1091.0,152.0,64.0,0.0,94.0,47.0,373.0,0.0,0.0,361.0,0.0,0.0
PL01,2021-07-26,2062.0,113.0,898.0,12.0,4.0,44.0,62.0,0.0,0.0,929.0,0.0,0.0
PL01,2021-08-02,51987.0,154.0,5226.0,2.0,128.0,23.0,710.0,19077.0,19077.0,7590.0,0.0,0.0
PL01,2021-08-09,3418.0,411.0,916.0,2.0,47.0,22.0,567.0,0.0,0.0,1453.0,0.0,0.0
PL01,2021-08-16,214.0,44.0,20.0,0.0,132.0,0.0,0.0,0.0,0.0,18.0,0.0,0.0
PL01,2021-08-23,1497.0,164.0,22.0,0.0,0.0,0.0,0.0,640.0,630.0,41.0,0.0,0.0
PL01,2021-08-30,48790.0,339.0,3885.0,2.0,127.0,44.0,151.0,19463.0,19463.0,5316.0,0.0,0.0
PL01,2021-09-06,7509.0,201.0,2372.0,0.0,65.0,28.0,972.0,94.0,84.0,3693.0,0.0,0.0
PL01,2021-09-13,1498.0,136.0,159.0,2.0,193.0,85.0,371.0,61.0,36.0,455.0,0.0,0.0
PL01,2021-09-20,529.0,274.0,45.0,0.0,29.0,36.0,45.0,0.0,0.0,100.0,0.0,0.0
PL01,2021-09-27,40357.0,250.0,722.0,2.0,2.0,43.0,54.0,19247.0,19247.0,790.0,0.0,0.0
PL01,2021-10-04,13177.0,148.0,4645.0,0.0,199.0,34.0,945.0,0.0,0.0,7206.0,0.0,0.0
PL01,2021-10-11,3337.0,253.0,1126.0,0.0,34.0,38.0,404.0,0.0,0.0,1482.0,0.0,0.0
PL01,2021-10-18,621.0,114.0,120.0,2.0,125.0,26.0,72.0,0.0,0.0,162.0,0.0,0.0
PL01,2021-10-25,1380.0,240.0,138.0,4.0,6.0,60.0,59.0,310.0,300.0,263.0,0.0,0.0
PL01,2021-11-01,50872.0,164.0,5477.0,0.0,156.0,21.0,31.0,18897.0,18897.0,7229.0,0.0,0.0
PL01,2021-11-08,4220.0,164.0,1448.0,0.0,81.0,18.0,579.0,0.0,0.0,1930.0,0.0,0.0
PL01,2021-11-15,2034.0,254.0,234.0,0.0,76.0,35.0,604.0,0.0,0.0,831.0,0.0,0.0
PL01,2021-11-22,1280.0,125.0,75.0,0.0,57.0,48.0,482.0,12.0,0.0,481.0,0.0,0.0
PL01,2021-11-29,111738.0,360.0,5664.0,0.0,145.0,14.0,35.0,49038.0,48843.0,7639.0,0.0,0.0
PL01,2021-12-06,8967.0,231.0,1710.0,0.0,72.0,61.0,1088.0,1710.0,1299.0,2796.0,0.0,0.0
PL01,2021-12-13,3859.0,252.0,217.0,0.0,115.0,15.0,602.0,964.0,507.0,1187.0,0.0,0.0
PL01,2021-12-20,6841.0,183.0,2335.0,0.0,59.0,31.0,697.0,0.0,0.0,3536.0,0.0,0.0
PL01,2021-12-27,44518.0,448.0,337.0,0.0,10.0,68.0,151.0,21465.0,21465.0,574.0,0.0,0.0
PL01,2022-01-03,11300.0,152.0,4459.0,248.0,129.0,4.0,16.0,0.0,0.0,6292.0,0.0,0.0
PL01,2022-01-10,6448.0,210.0,1958.0,0.0,122.0,90.0,1042.0,5.0,0.0,3021.0,0.0,0.0
PL01,2022-01-17,1391.0,141.0,167.0,0.0,218.0,42.0,321.0,0.0,0.0,502.0,0.0,0.0
PL01,2022-01-24,3029.0,240.0,92.0,0.0,47.0,40.0,51.0,1178.0,1158.0,223.0,0.0,0.0
PL01,2022-01-31,52610.0,338.0,4829.0,4.0,181.0,42.0,119.0,20245.0,20113.0,6739.0,0.0,0.0
PL01,2022-02-07,4557.0,249.0,706.0,0.0,77.0,74.0,616.0,707.0,684.0,1444.0,0.0,0.0
PL01,2022-02-14,4626.0,167.0,1459.0,0.0,93.0,42.0,673.0,0.0,0.0,2192.0,0.0,0.0
PL01,2022-02-21,611.0,103.0,76.0,0.0,130.0,39.0,58.0,0.0,0.0,205.0,0.0,0.0
PL01,2022-02-28,55747.0,379.0,4503.0,4.0,154.0,1.0,21.0,22166.0,22161.0,6358.0,0.0,0.0
PL01,2022-03-07,6755.0,108.0,2069.0,0.0,106.0,117.0,1160.0,6.0,0.0,3189.0,0.0,0.0
PL01,2022-03-14,1966.0,112.0,266.0,0.0,20.0,38.0,323.0,339.0,324.0,544.0,0.0,0.0
PL01,2022-03-21,559.0,143.0,69.0,0.0,203.0,34.0,37.0,0.0,0.0,73.0,0.0,0.0
PL01,2022-03-28,48589.0,407.0,467.0,4.0,8.0,47.0,74.0,23430.0,23411.0,741.0,0.0,0.0
PL01,2022-04-04,15169.0,141.0,5269.0,0.0,226.0,104.0,1047.0,452.0,15.0,7915.0,0.0,0.0
PL01,2022-04-11,3817.0,214.0,1051.0,0.0,38.0,45.0,711.0,0.0,0.0,1758.0,0.0,0.0
PL01,2022-04-18,3589.0,284.0,1446.0,0.0,168.0,55.0,119.0,0.0,0.0,1517.0,0.0,0.0
PL01,2022-04-25,47993.0,228.0,104.0,0.0,43.0,87.0,65.0,23645.0,23524.0,297.0,0.0,0.0
PL01,2022-05-02,14683.0,274.0,5568.0,4.0,158.0,28.0,713.0,0.0,0.0,7938.0,0.0,0.0
PL01,2022-05-09,5533.0,346.0,801.0,0.0,102.0,62.0,399.0,1345.0,1320.0,1158.0,0.0,0.0
PL01,2022-05-16,60424.0,420.0,1653.0,0.0,58.0,61.0,767.0,27551.0,27526.0,2388.0,0.0,0.0
PL01,2022-05-23,804.0,242.0,142.0,14.0,63.0,82.0,72.0,0.0,0.0,189.0,0.0,0.0
PL01,2022-05-30,9818.0,296.0,3928.0,2.0,207.0,40.0,155.0,30.0,0.0,5160.0,0.0,0.0
PL01,2022-06-06,26797.0,288.0,3323.0,6.0,108.0,41.0,949.0,8.0,0.0,4884.0,0.0,17190.0
PL01,2022-06-13,3576.0,181.0,739.0,4.0,20.0,45.0,761.0,129.0,114.0,1583.0,0.0,0.0
PL01,2022-06-20,1409.0,203.0,304.0,36.0,199.0,75.0,128.0,0.0,0.0,464.0,0.0,0.0
PL01,2022-06-27,2909.0,446.0,511.0,6.0,12.0,22.0,110.0,542.0,513.0,747.0,0.0,0.0
PL01,2022-07-04,65063.0,136.0,5202.0,14.0,175.0,55.0,1054.0,25418.0,25418.0,7591.0,0.0,0.0
PL01,2022-07-11,7795.0,218.0,2518.0,8.0,95.0,65.0,831.0,259.0,3.0,3798.0,0.0,0.0
PL01,2022-07-18,1069.0,245.0,219.0,0.0,171.0,40.0,97.0,0.0,0.0,297.0,0.0,0.0
PL01,2022-07-25,385.0,116.0,71.0,4.0,5.0,17.0,81.0,0.0,0.0,91.0,0.0,0.0
PL01,2022-08-01,68515.0,524.0,5373.0,6.0,166.0,21.0,990.0,26762.0,26744.0,7929.0,0.0,0.0
PL01,2022-08-08,5121.0,309.0,1614.0,4.0,52.0,87.0,729.0,0.0,0.0,2326.0,0.0,0.0
PL01,2022-08-15,2271.0,59.0,1012.0,4.0,23.0,32.0,23.0,6.0,0.0,1112.0,0.0,0.0
PL01,2022-08-22,2178.0,122.0,141.0,16.0,167.0,74.0,202.0,0.0,0.0,1456.0,0.0,0.0
PL01,2022-08-29,59527.0,307.0,3589.0,10.0,54.0,49.0,183.0,25739.0,25719.0,3877.0,0.0,0.0
PL01,2022-09-05,6930.0,400.0,1650.0,6.0,177.0,83.0,852.0,0.0,0.0,3762.0,0.0,0.0
PL01,2022-09-12,7122.0,384.0,2350.0,2.0,56.0,63.0,706.0,424.0,62.0,3075.0,0.0,0.0
PL01,2022-09-19,967.0,230.0,134.0,12.0,193.0,68.0,139.0,0.0,0.0,191.0,0.0,0.0
PL01,2022-09-26,4368.0,342.0,93.0,4.0,18.0,70.0,64.0,1858.0,1833.0,86.0,0.0,0.0
PL01,2022-10-03,64397.0,453.0,5073.0,12.0,192.0,82.0,949.0,25455.0,24733.0,7448.0,0.0,0.0
PL01,2022-10-10,5055.0,302.0,1628.0,0.0,33.0,55.0,680.0,18.0,6.0,2333.0,0.0,0.0
PL01,2022-10-17,2268.0,202.0,782.0,4.0,147.0,54.0,79.0,0.0,0.0,1000.0,0.0,0.0
PL01,2022-10-24,918.0,282.0,124.0,4.0,73.0,71.0,93.0,0.0,0.0,271.0,0.0,0.0
PL01,2022-10-31,66023.0,555.0,4984.0,10.0,186.0,46.0,141.0,26778.0,26765.0,6558.0,0.0,0.0
PL01,2022-11-07,7214.0,360.0,1997.0,0.0,62.0,44.0,1308.0,0.0,0.0,3443.0,0.0,0.0
PL01,2022-11-14,1340.0,391.0,167.0,2.0,100.0,82.0,243.0,0.0,0.0,355.0,0.0,0.0
PL01,2022-11-21,1830.0,844.0,137.0,16.0,160.0,58.0,97.0,62.0,36.0,420.0,0.0,0.0
PL01,2022-11-28,5355.0,376.0,970.0,6.0,45.0,87.0,59.0,1053.0,1053.0,1706.0,0.0,0.0
PL01,2022-12-05,68346.0,193.0,4876.0,12.0,257.0,44.0,972.0,27099.0,27093.0,7800.0,0.0,0.0
PL01,2022-12-12,4943.0,493.0,1248.0,6.0,61.0,95.0,664.0,0.0,0.0,2376.0,0.0,0.0
PL01,2022-12-19,1206.0,206.0,136.0,14.0,197.0,58.0,53.0,0.0,0.0,542.0,0.0,0.0
PL01,2022-12-26,55329.0,340.0,86.0,10.0,10.0,57.0,71.0,27278.0,27268.0,209.0,0.0,0.0
PL01,2023-01-02,42923.0,864.0,7062.0,288.0,186.0,1.0,12.0,428.0,423.0,9925.0,0.0,23734.0
PL01,2023-01-09,7973.0,414.0,1820.0,12.0,91.0,163.0,1825.0,0.0,0.0,3648.0,0.0,0.0
PL01,2023-01-16,3531.0,231.0,137.0,4.0,138.0,61.0,56.0,2596.0,28.0,280.0,0.0,0.0
PL01,2023-01-23,1478.0,862.0,136.0,10.0,22.0,43.0,91.0,35.0,30.0,249.0,0.0,0.0
PL01,2023-01-30,63650.0,1000.0,3450.0,8.0,190.0,33.0,34.0,27100.0,27095.0,4740.0,0.0,0.0
PL01,2023-02-06,9849.0,160.0,3123.0,0.0,79.0,75.0,965.0,6.0,0.0,5441.0,0.0,0.0
PL01,2023-02-13,1708.0,182.0,163.0,20.0,189.0,97.0,513.0,6.0,0.0,538.0,0.0,0.0
PL01,2023-02-20,777.0,185.0,104.0,2.0,66.0,33.0,71.0,6.0,0.0,310.0,0.0,0.0
PL01,2023-02-27,62596.0,871.0,3516.0,8.0,157.0,26.0,43.0,26966.0,26956.0,4053.0,0.0,0.0
PL01,2023-03-06,6557.0,234.0,1653.0,4.0,33.0,91.0,957.0,0.0,0.0,3585.0,0.0,0.0
PL01,2023-03-13,4474.0,261.0,1493.0,2.0,119.0,79.0,475.0,0.0,0.0,2045.0,0.0,0.0
PL01,2023-03-20,838.0,200.0,99.0,10.0,137.0,70.0,68.0,20.0,0.0,234.0,0.0,0.0
PL01,2023-03-27,414.0,270.0,15.0,0.0,24.0,9.0,18.0,0.0,0.0,78.0,0.0,0.0
PL01,2023-04-03,67141.0,508.0,5214.0,16.0,203.0,76.0,60.0,27012.0,27007.0,7045.0,0.0,0.0
PL01,2023-04-10,5809.0,386.0,1348.0,2.0,43.0,80.0,1284.0,0.0,0.0,2666.0,0.0,0.0
PL01,2023-04-17,2000.0,451.0,406.0,8.0,202.0,79.0,150.0,61.0,51.0,592.0,0.0,0.0
PL01,2023-04-24,55937.0,343.0,280.0,0.0,18.0,56.0,74.0,27285.0,27270.0,611.0,0.0,0.0
RO01,2019-12-30,987.0,204.0,64.0,38.0,8.0,13.0,103.0,0.0,0.0,557.0,0.0,0.0
RO01,2020-01-06,3684.0,228.0,59.0,790.0,80.0,18.0,58.0,2.0,0.0,2449.0,0.0,0.0
RO01,2020-01-13,898.0,275.0,154.0,76.0,0.0,27.0,124.0,4.0,3.0,235.0,0.0,0.0
RO01,2020-01-20,13887.0,205.0,121.0,34.0,0.0,39.0,61.0,6552.0,6555.0,320.0,0.0,0.0
RO01,2020-01-27,8155.0,189.0,51.0,0.0,28.0,14.0,3.0,0.0,0.0,7870.0,0.0,0.0
RO01,2020-02-03,12165.0,561.0,347.0,1228.0,85.0,49.0,188.0,1.0,1.0,9705.0,0.0,0.0
RO01,2020-02-10,21612.0,337.0,203.0,114.0,28.0,53.0,112.0,6546.0,6545.0,7674.0,0.0,0.0
RO01,2020-02-17,725.0,72.0,181.0,94.0,0.0,27.0,113.0,0.0,0.0,238.0,0.0,0.0
RO01,2020-02-24,1566.0,315.0,70.0,30.0,0.0,17.0,100.0,1.0,0.0,112.0,921.0,0.0
RO01,2020-03-02,3199.0,528.0,93.0,260.0,100.0,57.0,78.0,2.0,1.0,2080.0,0.0,0.0
RO01,2020-03-09,13829.0,162.0,223.0,114.0,18.0,72.0,58.0,6516.0,6511.0,155.0,0.0,0.0
RO01,2020-03-16,951.0,250.0,141.0,46.0,9.0,54.0,121.0,30.0,28.0,272.0,0.0,0.0
RO01,2020-03-23,4413.0,175.0,236.0,64.0,16.0,72.0,69.0,0.0,0.0,3781.0,0.0,0.0
RO01,2020-03-30,783.0,393.0,44.0,10.0,32.0,10.0,60.0,2.0,16.0,216.0,0.0,0.0
RO01,2020-04-06,16170.0,275.0,116.0,480.0,71.0,38.0,69.0,6536.0,6536.0,2049.0,0.0,0.0
RO01,2020-04-13,589.0,31.0,65.0,18.0,33.0,13.0,68.0,0.0,0.0,361.0,0.0,0.0
RO01,2020-04-20,405.0,212.0,32.0,36.0,0.0,18.0,37.0,6.0,0.0,64.0,0.0,0.0
RO01,2020-04-27,3882.0,107.0,104.0,12.0,5.0,19.0,84.0,0.0,0.0,3551.0,0.0,0.0
RO01,2020-05-04,1963.0,152.0,7.0,252.0,79.0,29.0,43.0,1.0,0.0,1400.0,0.0,0.0
RO01,2020-05-11,13740.0,281.0,35.0,36.0,23.0,42.0,38.0,6532.0,6532.0,221.0,0.0,0.0
RO01,2020-05-18,615.0,22.0,167.0,98.0,79.0,98.0,60.0,0.0,0.0,91.0,0.0,0.0
RO01,2020-05-25,437.0,173.0,18.0,8.0,16.0,25.0,57.0,5.0,0.0,135.0,0.0,0.0
RO01,2020-06-01,4966.0,91.0,20.0,326.0,109.0,39.0,34.0,0.0,0.0,4347.0,0.0,0.0
RO01,2020-06-08,13927.0,130.0,212.0,122.0,124.0,57.0,44.0,6501.0,6501.0,236.0,0.0,0.0
RO01,2020-06-15,702.0,215.0,57.0,30.0,41.0,44.0,101.0,3.0,3.0,208.0,0.0,0.0
RO01,2020-06-22,377.0,109.0,62.0,12.0,35.0,20.0,53.0,0.0,0.0,86.0,0.0,0.0
RO01,2020-06-29,8003.0,282.0,74.0,150.0,66.0,64.0,70.0,1.0,0.0,2837.0,4459.0,0.0
RO01,2020-07-06,2296.0,95.0,100.0,376.0,83.0,36.0,41.0,0.0,0.0,1565.0,0.0,0.0
RO01,2020-07-13,13447.0,187.0,0.0,0.0,91.0,0.0,0.0,6501.0,6501.0,167.0,0.0,0.0
RO01,2020-07-20,12225.0,112.0,223.0,130.0,33.0,86.0,100.0,0.0,0.0,5760.0,0.0,5781.0
RO01,2020-07-27,1722.0,174.0,95.0,72.0,14.0,15.0,62.0,53.0,50.0,1187.0,0.0,0.0
RO01,2020-08-03,3587.0,186.0,66.0,332.0,127.0,21.0,51.0,0.0,100.0,2704.0,0.0,0.0
RO01,2020-08-10,624.0,172.0,73.0,30.0,52.0,27.0,45.0,2.0,2.0,221.0,0.0,0.0
RO01,2020-08-17,16238.0,254.0,53.0,42.0,13.0,19.0,57.0,6545.0,6542.0,2713.0,0.0,0.0
RO01,2020-08-24,747.0,86.0,78.0,12.0,40.0,15.0,56.0,201.0,200.0,59.0,0.0,0.0
RO01,2020-08-31,2612.0,300.0,41.0,364.0,91.0,43.0,53.0,0.0,20.0,1700.0,0.0,0.0
RO01,2020-09-07,3961.0,118.0,122.0,48.0,93.0,34.0,45.0,0.0,400.0,1966.0,1135.0,0.0
RO01,2020-09-14,669.0,238.0,38.0,6.0,31.0,15.0,21.0,1.0,0.0,319.0,0.0,0.0
RO01,2020-09-21,15963.0,102.0,47.0,40.0,32.0,37.0,45.0,6486.0,6486.0,2688.0,0.0,0.0
RO01,2020-09-28,2093.0,295.0,120.0,56.0,56.0,42.0,27.0,1209.0,2.0,286.0,0.0,0.0
RO01,2020-10-05,2390.0,216.0,99.0,362.0,98.0,21.0,25.0,0.0,4.0,1565.0,0.0,0.0
RO01,2020-10-12,653.0,213.0,76.0,46.0,57.0,27.0,10.0,216.0,0.0,8.0,0.0,0.0
RO01,2020-10-19,12119.0,97.0,43.0,46.0,7.0,21.0,19.0,5919.0,5919.0,48.0,0.0,0.0
RO01,2020-10-26,3195.0,109.0,182.0,68.0,8.0,49.0,24.0,3.0,2.0,2750.0,0.0,0.0
RO01,2020-11-02,6860.0,365.0,19.0,304.0,175.0,6.0,35.0,4568.0,0.0,1388.0,0.0,0.0
RO01,2020-11-09,3049.0,217.0,165.0,52.0,206.0,53.0,28.0,0.0,0.0,2328.0,0.0,0.0
RO01,2020-11-16,351.0,184.0,50.0,52.0,20.0,16.0,8.0,0.0,0.0,21.0,0.0,0.0
RO01,2020-11-23,3352.0,180.0,207.0,58.0,19.0,34.0,28.0,107.0,100.0,2619.0,0.0,0.0
RO01,2020-11-30,13081.0,359.0,36.0,298.0,123.0,27.0,26.0,5829.0,6033.0,350.0,0.0,0.0
RO01,2020-12-07,4735.0,430.0,224.0,198.0,78.0,48.0,14.0,1.0,0.0,3742.0,0.0,0.0
RO01,2020-12-14,13171.0,173.0,81.0,48.0,35.0,23.0,30.0,5811.0,5805.0,56.0,1109.0,0.0
RO01,2020-12-21,434.0,71.0,192.0,56.0,24.0,41.0,27.0,1.0,0.0,22.0,0.0,0.0
RO01,2020-12-28,4148.0,183.0,109.0,38.0,49.0,30.0,15.0,34.0,2.0,3688.0,0.0,0.0
RO01,2021-01-04,5903.0,188.0,61.0,1162.0,271.0,17.0,9.0,0.0,0.0,4195.0,0.0,0.0
RO01,2021-01-11,473.0,18.0,162.0,46.0,32.0,56.0,26.0,0.0,0.0,133.0,0.0,0.0
RO01,2021-01-18,101.0,0.0,18.0,22.0,12.0,32.0,12.0,0.0,0.0,5.0,0.0,0.0
RO01,2021-01-25,3378.0,47.0,62.0,34.0,54.0,23.0,44.0,0.0,0.0,3114.0,0.0,0.0
RO01,2021-02-01,17107.0,232.0,87.0,318.0,175.0,24.0,8.0,5812.0,5812.0,4639.0,0.0,0.0
RO01,2021-02-08,2655.0,13.0,12.0,10.0,103.0,3.0,1.0,0.0,0.0,2513.0,0.0,0.0
RO01,2021-02-15,1892.0,0.0,149.0,90.0,2.0,32.0,27.0,0.0,0.0,26.0,1566.0,0.0
RO01,2021-02-22,287.0,53.0,58.0,54.0,6.0,44.0,35.0,0.0,0.0,37.0,0.0,0.0
RO01,2021-03-01,17975.0,521.0,138.0,266.0,129.0,33.0,17.0,5895.0,5773.0,5203.0,0.0,0.0
RO01,2021-03-08,331.0,4.0,94.0,42.0,66.0,29.0,8.0,0.0,0.0,88.0,0.0,0.0
RO01,2021-03-15,358.0,113.0,48.0,32.0,40.0,38.0,38.0,5.0,4.0,40.0,0.0,0.0
RO01,2021-03-22,6516.0,44.0,81.0,50.0,0.0,30.0,40.0,0.0,0.0,6271.0,0.0,0.0
RO01,2021-03-29,2205.0,387.0,65.0,28.0,59.0,29.0,25.0,1.0,0.0,1611.0,0.0,0.0
RO01,2021-04-05,16734.0,103.0,118.0,274.0,155.0,27.0,17.0,5735.0,5709.0,4596.0,0.0,0.0
RO01,2021-04-12,220.0,0.0,57.0,40.0,23.0,37.0,30.0,0.0,0.0,33.0,0.0,0.0
RO01,2021-04-19,348.0,203.0,60.0,36.0,0.0,22.0,14.0,0.0,0.0,13.0,0.0,0.0
RO01,2021-04-26,376.0,25.0,89.0,46.0,9.0,38.0,74.0,0.0,0.0,95.0,0.0,0.0
RO01,2021-05-03,16910.0,255.0,70.0,262.0,136.0,26.0,21.0,5527.0,5526.0,5087.0,0.0,0.0
RO01,2021-05-10,2484.0,37.0,74.0,26.0,72.0,21.0,32.0,0.0,0.0,294.0,0.0,1928.0
RO01,2021-05-17,3349.0,192.0,16.0,24.0,21.0,12.0,28.0,0.0,0.0,3056.0,0.0,0.0
RO01,2021-05-24,11099.0,268.0,65.0,34.0,0.0,21.0,36.0,5248.0,5248.0,179.0,0.0,0.0
RO01,2021-05-31,3087.0,219.0,77.0,342.0,100.0,42.0,33.0,0.0,0.0,2274.0,0.0,0.0
RO01,2021-06-07,830.0,226.0,96.0,34.0,104.0,53.0,19.0,0.0,8.0,290.0,0.0,0.0
RO01,2021-06-14,389.0,22.0,72.0,36.0,104.0,23.0,52.0,7.0,21.0,52.0,0.0,0.0
RO01,2021-06-21,429.0,185.0,99.0,58.0,0.0,31.0,26.0,0.0,0.0,30.0,0.0,0.0
RO01,2021-06-28,18754.0,196.0,83.0,22.0,28.0,25.0,38.0,9578.0,4833.0,3951.0,0.0,0.0
RO01,2021-07-05,3402.0,128.0,58.0,444.0,204.0,29.0,25.0,3.0,111.0,2400.0,0.0,0.0
RO01,2021-07-12,295.0,0.0,56.0,44.0,94.0,48.0,31.0,0.0,0.0,22.0,0.0,0.0
RO01,2021-07-19,3922.0,0.0,55.0,42.0,0.0,17.0,34.0,0.0,0.0,3774.0,0.0,0.0
RO01,2021-07-26,1106.0,394.0,140.0,92.0,38.0,33.0,46.0,100.0,2.0,261.0,0.0,0.0
RO01,2021-08-02,12929.0,254.0,67.0,404.0,146.0,14.0,21.0,4780.0,4752.0,2491.0,0.0,0.0
RO01,2021-08-09,622.0,249.0,116.0,38.0,126.0,44.0,25.0,0.0,0.0,24.0,0.0,0.0
RO01,2021-08-16,624.0,108.0,115.0,92.0,0.0,21.0,47.0,101.0,100.0,40.0,0.0,0.0
RO01,2021-08-23,578.0,160.0,144.0,92.0,15.0,46.0,40.0,1.0,0.0,80.0,0.0,0.0
RO01,2021-08-30,14423.0,123.0,34.0,32.0,93.0,31.0,29.0,4935.0,4799.0,4347.0,0.0,0.0
RO01,2021-09-06,3132.0,231.0,101.0,360.0,121.0,34.0,18.0,0.0,0.0,2267.0,0.0,0.0
RO01,2021-09-13,330.0,19.0,73.0,50.0,115.0,37.0,21.0,0.0,0.0,15.0,0.0,0.0
RO01,2021-09-20,4623.0,243.0,14.0,28.0,36.0,9.0,49.0,1.0,0.0,4243.0,0.0,0.0
RO01,2021-09-27,10312.0,210.0,97.0,30.0,63.0,28.0,31.0,4802.0,4801.0,250.0,0.0,0.0
RO01,2021-10-04,3653.0,177.0,135.0,476.0,120.0,37.0,28.0,0.0,8.0,2672.0,0.0,0.0
RO01,2021-10-11,486.0,289.0,16.0,18.0,78.0,16.0,12.0,2.0,0.0,55.0,0.0,0.0
RO01,2021-10-18,557.0,101.0,81.0,30.0,80.0,19.0,29.0,22.0,1.0,194.0,0.0,0.0
RO01,2021-10-25,14550.0,109.0,108.0,78.0,159.0,46.0,78.0,4791.0,4790.0,4391.0,0.0,0.0
RO01,2021-11-01,3551.0,186.0,99.0,592.0,176.0,36.0,22.0,2.0,0.0,2438.0,0.0,0.0
RO01,2021-11-08,1173.0,282.0,105.0,80.0,118.0,28.0,23.0,117.0,115.0,305.0,0.0,0.0
RO01,2021-11-15,627.0,130.0,53.0,34.0,143.0,21.0,21.0,102.0,100.0,23.0,0.0,0.0
RO01,2021-11-22,10898.0,204.0,26.0,0.0,61.0,103.0,76.0,5309.0,4966.0,153.0,0.0,0.0
RO01,2021-11-29,797.0,96.0,34.0,16.0,144.0,80.0,34.0,51.0,50.0,292.0,0.0,0.0
RO01,2021-12-06,8447.0,252.0,18.0,692.0,100.0,29.0,19.0,71.0,98.0,7168.0,0.0,0.0
RO01,2021-12-13,1763.0,551.0,122.0,0.0,261.0,84.0,35.0,108.0,100.0,502.0,0.0,0.0
RO01,2021-12-20,5006.0,67.0,70.0,0.0,34.0,66.0,51.0,0.0,0.0,4718.0,0.0,0.0
RO01,2021-12-27,11379.0,241.0,17.0,0.0,8.0,27.0,65.0,5489.0,5435.0,97.0,0.0,0.0
RO01,2022-01-03,4243.0,272.0,3.0,420.0,169.0,0.0,0.0,81.0,104.0,3194.0,0.0,0.0
RO01,2022-01-10,286.0,29.0,7.0,0.0,92.0,61.0,35.0,0.0,0.0,62.0,0.0,0.0
RO01,2022-01-17,682.0,76.0,62.0,0.0,234.0,93.0,45.0,0.0,0.0,172.0,0.0,0.0
RO01,2022-01-24,5649.0,46.0,59.0,0.0,48.0,32.0,34.0,0.0,0.0,5430.0,0.0,0.0
RO01,2022-01-31,14684.0,526.0,20.0,532.0,171.0,51.0,17.0,5460.0,5426.0,2481.0,0.0,0.0
RO01,2022-02-07,684.0,53.0,11.0,0.0,80.0,48.0,32.0,0.0,4.0,456.0,0.0,0.0
RO01,2022-02-14,797.0,226.0,63.0,8.0,241.0,99.0,33.0,0.0,0.0,127.0,0.0,0.0
RO01,2022-02-21,5522.0,210.0,3.0,0.0,143.0,53.0,42.0,102.0,100.0,4869.0,0.0,0.0
RO01,2022-02-28,14923.0,268.0,20.0,536.0,175.0,47.0,24.0,5424.0,5422.0,3007.0,0.0,0.0
RO01,2022-03-07,734.0,20.0,13.0,0.0,317.0,44.0,18.0,0.0,16.0,306.0,0.0,0.0
RO01,2022-03-14,409.0,127.0,49.0,0.0,83.0,89.0,36.0,0.0,0.0,25.0,0.0,0.0
RO01,2022-03-21,6276.0,310.0,76.0,14.0,46.0,103.0,49.0,153.0,150.0,5375.0,0.0,0.0
RO01,2022-03-28,211.0,59.0,38.0,0.0,10.0,46.0,19.0,0.0,0.0,39.0,0.0,0.0
RO01,2022-04-04,17571.0,465.0,22.0,552.0,246.0,72.0,43.0,6716.0,6081.0,3374.0,0.0,0.0
RO01,2022-04-11,2770.0,132.0,16.0,0.0,200.0,24.0,16.0,0.0,0.0,140.0,0.0,2242.0
RO01,2022-04-18,479.0,141.0,7.0,0.0,67.0,28.0,14.0,51.0,50.0,121.0,0.0,0.0
RO01,2022-04-25,6099.0,305.0,36.0,0.0,53.0,86.0,51.0,25.0,20.0,5523.0,0.0,0.0
RO01,2022-05-02,16807.0,204.0,29.0,564.0,282.0,77.0,42.0,6124.0,6002.0,3483.0,0.0,0.0
RO01,2022-05-09,680.0,254.0,36.0,0.0,138.0,74.0,24.0,1.0,0.0,153.0,0.0,0.0
RO01,2022-05-16,704.0,195.0,2.0,0.0,215.0,86.0,36.0,30.0,0.0,140.0,0.0,0.0
RO01,2022-05-23,6259.0,203.0,3.0,0.0,10.0,8.0,29.0,1.0,0.0,6005.0,0.0,0.0
RO01,2022-05-30,737.0,224.0,105.0,20.0,114.0,95.0,33.0,12.0,10.0,124.0,0.0,0.0
RO01,2022-06-06,18095.0,212.0,1.0,1564.0,155.0,29.0,14.0,6974.0,5878.0,3268.0,0.0,0.0
RO01,2022-06-13,476.0,46.0,89.0,22.0,173.0,76.0,34.0,0.0,0.0,36.0,0.0,0.0
RO01,2022-06-20,6285.0,253.0,7.0,0.0,90.0,19.0,21.0,11.0,10.0,5874.0,0.0,0.0
RO01,2022-06-27,14095.0,277.0,7.0,12.0,44.0,16.0,35.0,6859.0,6793.0,52.0,0.0,0.0
RO01,2022-07-04,12068.0,189.0,86.0,1944.0,251.0,78.0,21.0,0.0,4.0,9495.0,0.0,0.0
RO01,2022-07-11,280.0,165.0,1.0,0.0,66.0,21.0,16.0,0.0,0.0,11.0,0.0,0.0
RO01,2022-07-18,6660.0,94.0,76.0,50.0,228.0,136.0,46.0,11.0,10.0,6009.0,0.0,0.0
RO01,2022-07-25,509.0,275.0,9.0,4.0,51.0,44.0,39.0,0.0,0.0,87.0,0.0,0.0
RO01,2022-08-01,18503.0,229.0,97.0,2236.0,331.0,60.0,29.0,5915.0,5869.0,3737.0,0.0,0.0
RO01,2022-08-08,899.0,199.0,20.0,8.0,280.0,50.0,37.0,70.0,0.0,235.0,0.0,0.0
RO01,2022-08-15,341.0,161.0,10.0,0.0,60.0,95.0,7.0,0.0,0.0,8.0,0.0,0.0
RO01,2022-08-22,638.0,78.0,81.0,16.0,73.0,103.0,72.0,0.0,0.0,215.0,0.0,0.0
RO01,2022-08-29,12259.0,238.0,11.0,4.0,50.0,49.0,20.0,5867.0,5865.0,155.0,0.0,0.0
RO01,2022-09-05,12112.0,142.0,33.0,1768.0,302.0,63.0,32.0,0.0,0.0,9772.0,0.0,0.0
RO01,2022-09-12,768.0,370.0,57.0,0.0,188.0,64.0,33.0,0.0,0.0,56.0,0.0,0.0
RO01,2022-09-19,667.0,77.0,33.0,16.0,182.0,44.0,31.0,107.0,105.0,72.0,0.0,0.0
RO01,2022-09-26,7450.0,389.0,41.0,4.0,42.0,99.0,55.0,107.0,104.0,6609.0,0.0,0.0
RO01,2022-10-03,18873.0,305.0,76.0,2068.0,428.0,128.0,32.0,5773.0,5788.0,4275.0,0.0,0.0
RO01,2022-10-10,501.0,180.0,34.0,8.0,151.0,68.0,25.0,0.0,0.0,35.0,0.0,0.0
RO01,2022-10-17,13209.0,279.0,101.0,0.0,221.0,79.0,35.0,6607.0,5761.0,126.0,0.0,0.0
RO01,2022-10-24,683.0,210.0,10.0,16.0,88.0,52.0,45.0,0.0,0.0,262.0,0.0,0.0
RO01,2022-10-31,13549.0,363.0,52.0,2100.0,353.0,107.0,55.0,5.0,2.0,10512.0,0.0,0.0
RO01,2022-11-07,2835.0,211.0,32.0,1820.0,273.0,84.0,42.0,3.0,8.0,362.0,0.0,0.0
RO01,2022-11-14,732.0,207.0,43.0,0.0,247.0,88.0,32.0,0.0,0.0,115.0,0.0,0.0
RO01,2022-11-21,342.0,12.0,6.0,16.0,148.0,82.0,21.0,0.0,0.0,57.0,0.0,0.0
RO01,2022-11-28,7603.0,260.0,68.0,2.0,58.0,101.0,61.0,0.0,0.0,7053.0,0.0,0.0
RO01,2022-12-05,20508.0,588.0,113.0,2644.0,388.0,73.0,32.0,5766.0,5765.0,5139.0,0.0,0.0
RO01,2022-12-12,2762.0,21.0,30.0,0.0,239.0,81.0,21.0,0.0,0.0,74.0,2296.0,0.0
RO01,2022-12-19,904.0,321.0,75.0,0.0,177.0,133.0,69.0,0.0,0.0,129.0,0.0,0.0
RO01,2022-12-26,538.0,159.0,169.0,0.0,38.0,71.0,32.0,0.0,0.0,69.0,0.0,0.0
RO01,2023-01-02,29926.0,497.0,25.0,3944.0,436.0,48.0,16.0,5450.0,5459.0,14051.0,0.0,0.0
RO01,2023-01-09,434.0,2.0,5.0,0.0,226.0,88.0,33.0,0.0,0.0,80.0,0.0,0.0
RO01,2023-01-16,377.0,2.0,19.0,0.0,154.0,122.0,35.0,0.0,0.0,45.0,0.0,0.0
RO01,2023-01-23,337.0,34.0,34.0,0.0,90.0,80.0,50.0,0.0,0.0,49.0,0.0,0.0
RO01,2023-01-30,10351.0,754.0,2.0,12.0,301.0,34.0,30.0,3.0,2.0,9213.0,0.0,0.0
RO01,2023-02-06,7815.0,67.0,9.0,2616.0,301.0,55.0,21.0,0.0,4.0,4742.0,0.0,0.0
RO01,2023-02-13,985.0,0.0,2.0,0.0,240.0,203.0,43.0,374.0,0.0,123.0,0.0,0.0
RO01,2023-02-20,21656.0,26.0,33.0,12.0,80.0,80.0,33.0,10617.0,10617.0,158.0,0.0,0.0
RO01,2023-02-27,10588.0,752.0,261.0,36.0,232.0,101.0,66.0,17.0,15.0,9108.0,0.0,0.0
RO01,2023-03-06,19903.0,257.0,32.0,3788.0,302.0,88.0,31.0,5315.0,6067.0,4023.0,0.0,0.0
RO01,2023-03-13,589.0,146.0,42.0,0.0,276.0,83.0,26.0,0.0,0.0,16.0,0.0,0.0
RO01,2023-03-20,3869.0,158.0,12.0,0.0,73.0,89.0,24.0,0.0,0.0,3513.0,0.0,0.0
RO01,2023-03-27,4434.0,205.0,19.0,0.0,64.0,111.0,83.0,2.0,0.0,3950.0,0.0,0.0
RO01,2023-04-03,9683.0,372.0,24.0,3884.0,459.0,86.0,27.0,3.0,6.0,4822.0,0.0,0.0
RO01,2023-04-10,150.0,0.0,5.0,0.0,90.0,25.0,19.0,0.0,0.0,11.0,0.0,0.0
RO01,2023-04-17,887.0,324.0,42.0,0.0,234.0,164.0,40.0,0.0,0.0,83.0,0.0,0.0
RO01,2023-04-24,8734.0,215.0,100.0,8.0,43.0,99.0,45.0,1.0,0.0,8223.0,0.0,0.0
